Patch_name,Percentage_of_tissue,Mean,Std
patch_0001089.png,84.78,0.869,0.085
patch_0000618.png,100.0,0.207,0.221
patch_0000279.png,29.48,0.895,0.062
patch_0001439.png,85.55,0.893,0.052
patch_0000740.png,41.04,0.816,0.201
patch_0002474.png,83.15,0.886,0.071
patch_0002806.png,31.58,0.896,0.06
patch_0000486.png,93.81,0.644,0.264
patch_0000321.png,99.41,0.666,0.249
patch_0001913.png,84.27,0.869,0.089
patch_0001561.png,45.64,0.901,0.05
patch_0000825.png,84.37,0.845,0.112
patch_0000457.png,67.02,0.892,0.06
patch_0002302.png,52.67,0.898,0.068
patch_0000036.png,25.6,0.899,0.071
patch_0000791.png,28.95,0.893,0.076
patch_0001676.png,80.47,0.886,0.069
patch_0002763.png,39.07,0.897,0.073
patch_0003123.png,68.73,0.851,0.125
patch_0001494.png,74.15,0.869,0.1
patch_0001333.png,66.43,0.89,0.064
patch_0000573.png,100.0,0.248,0.243
patch_0000901.png,66.9,0.879,0.069
patch_0000112.png,33.28,0.886,0.096
patch_0003007.png,41.67,0.881,0.084
patch_0002131.png,42.65,0.892,0.068
patch_0001024.png,74.03,0.888,0.058
patch_0001783.png,59.96,0.879,0.079
patch_0000664.png,100.0,0.271,0.243
patch_0002922.png,45.83,0.878,0.084
patch_0002550.png,98.12,0.824,0.131
patch_0000205.png,35.51,0.884,0.095
patch_0001445.png,70.48,0.889,0.065
patch_0000888.png,36.99,0.898,0.056
patch_0002408.png,84.32,0.885,0.063
patch_0000859.png,60.09,0.893,0.069
patch_0000906.png,81.39,0.887,0.068
patch_0000574.png,100.0,0.302,0.244
patch_0001493.png,82.17,0.893,0.056
patch_0002221.png,84.39,0.888,0.057
patch_0002586.png,70.29,0.812,0.157
patch_0000115.png,39.1,0.863,0.127
patch_0003000.png,55.52,0.832,0.147
patch_0002640.png,96.5,0.878,0.077
patch_0002691.png,72.89,0.889,0.067
patch_0001784.png,47.68,0.875,0.092
patch_0001023.png,74.26,0.884,0.083
patch_0002925.png,94.45,0.868,0.101
patch_0001830.png,67.77,0.892,0.057
patch_0001442.png,67.98,0.894,0.058
patch_0000202.png,27.01,0.894,0.074
patch_0001968.png,86.33,0.891,0.057
patch_0002379.png,27.46,0.898,0.056
patch_0003158.png,28.11,0.901,0.071
patch_0002718.png,19.01,0.901,0.064
patch_0002988.png,41.38,0.887,0.069
patch_0000508.png,61.26,0.869,0.1
patch_0001348.png,44.31,0.891,0.061
patch_0001729.png,85.99,0.893,0.051
patch_0000169.png,41.47,0.842,0.153
patch_0002959.png,75.88,0.845,0.127
patch_0002012.png,66.57,0.897,0.056
patch_0000747.png,75.31,0.863,0.1
patch_0001107.png,40.37,0.895,0.06
patch_0002801.png,54.18,0.891,0.065
patch_0001566.png,67.77,0.883,0.076
patch_0001914.png,97.65,0.88,0.069
patch_0000326.png,31.52,0.895,0.058
patch_0000481.png,97.16,0.698,0.255
patch_0000450.png,99.92,0.584,0.282
patch_0000822.png,49.38,0.897,0.054
patch_0001671.png,95.15,0.886,0.057
patch_0000796.png,67.74,0.894,0.063
patch_0000031.png,27.29,0.893,0.066
patch_0003124.png,58.29,0.801,0.179
patch_0002764.png,46.1,0.874,0.085
patch_0002588.png,56.73,0.88,0.081
patch_0002138.png,94.88,0.892,0.052
patch_0002060.png,39.01,0.875,0.097
patch_0001175.png,41.72,0.899,0.066
patch_0000092.png,56.42,0.83,0.147
patch_0002873.png,84.65,0.866,0.104
patch_0002401.png,82.59,0.885,0.062
patch_0000881.png,30.18,0.896,0.058
patch_0000354.png,12.71,0.887,0.165
patch_0001966.png,82.5,0.876,0.07
patch_0000422.png,87.53,0.721,0.238
patch_0000850.png,78.83,0.89,0.055
patch_0000385.png,62.47,0.773,0.22
patch_0002377.png,83.32,0.892,0.05
patch_0000043.png,28.86,0.894,0.069
patch_0001603.png,90.9,0.873,0.078
patch_0002716.png,46.27,0.892,0.051
patch_0003156.png,42.75,0.878,0.095
patch_0001346.png,61.05,0.895,0.063
patch_0000974.png,57.94,0.89,0.062
patch_0000506.png,98.32,0.688,0.228
patch_0002986.png,59.37,0.811,0.154
patch_0002253.png,93.86,0.888,0.052
patch_0000167.png,56.72,0.796,0.181
patch_0001080.png,64.27,0.796,0.18
patch_0001727.png,91.77,0.891,0.05
patch_0002195.png,56.31,0.89,0.064
patch_0003072.png,33.55,0.896,0.063
patch_0002144.png,66.38,0.892,0.072
patch_0001051.png,54.23,0.896,0.07
patch_0000611.png,91.9,0.846,0.116
patch_0002525.png,81.61,0.889,0.059
patch_0002957.png,36.05,0.886,0.087
patch_0002282.png,85.62,0.888,0.057
patch_0000270.png,76.34,0.875,0.084
patch_0001842.png,95.87,0.887,0.055
patch_0001430.png,20.54,0.899,0.105
patch_0001109.png,80.04,0.861,0.097
patch_0000749.png,91.91,0.884,0.057
patch_0000328.png,97.22,0.85,0.13
patch_0001568.png,44.3,0.879,0.09
patch_0000798.png,54.52,0.894,0.064
patch_0000501.png,98.75,0.762,0.185
patch_0000973.png,45.55,0.895,0.06
patch_0001341.png,55.85,0.892,0.068
patch_0002254.png,87.84,0.889,0.058
patch_0002981.png,34.8,0.891,0.07
patch_0001720.png,92.4,0.888,0.059
patch_0001087.png,43.61,0.891,0.072
patch_0000160.png,23.9,0.901,0.069
patch_0003075.png,25.8,0.897,0.065
patch_0002635.png,62.19,0.895,0.051
patch_0002192.png,13.39,0.892,0.143
patch_0002143.png,95.9,0.875,0.075
patch_0000616.png,100.0,0.249,0.235
patch_0002285.png,97.53,0.885,0.061
patch_0002950.png,59.3,0.834,0.145
patch_0002522.png,83.1,0.892,0.054
patch_0001390.png,58.97,0.887,0.07
patch_0001437.png,49.0,0.876,0.104
patch_0001845.png,97.8,0.882,0.06
patch_0000277.png,30.23,0.888,0.127
patch_0000488.png,97.59,0.772,0.181
patch_0002808.png,46.3,0.895,0.068
patch_0000459.png,81.56,0.832,0.155
patch_0001219.png,66.3,0.86,0.094
patch_0001678.png,57.51,0.889,0.083
patch_0000038.png,28.2,0.899,0.072
patch_0003009.png,65.94,0.819,0.134
patch_0002649.png,52.0,0.899,0.051
patch_0002698.png,43.56,0.892,0.059
patch_0001839.png,88.45,0.891,0.06
patch_0003180.png,27.66,0.899,0.07
patch_0000732.png,41.92,0.883,0.091
patch_0000095.png,64.98,0.85,0.129
patch_0002406.png,83.23,0.886,0.058
patch_0002874.png,90.09,0.867,0.091
patch_0001961.png,90.92,0.892,0.051
patch_0000353.png,35.05,0.897,0.056
patch_0000886.png,39.09,0.888,0.098
patch_0000382.png,98.28,0.655,0.26
patch_0000857.png,76.59,0.865,0.102
patch_0000425.png,100.0,0.6,0.258
patch_0001265.png,82.65,0.893,0.051
patch_0002370.png,71.34,0.893,0.054
patch_0000044.png,30.29,0.893,0.065
patch_0003151.png,39.18,0.883,0.069
patch_0002965.png,82.53,0.768,0.182
patch_0002517.png,72.31,0.884,0.073
patch_0001402.png,91.77,0.88,0.074
patch_0001870.png,71.25,0.891,0.059
patch_0000242.png,100.0,0.44,0.254
patch_0000997.png,72.39,0.886,0.069
patch_0002176.png,93.5,0.889,0.055
patch_0003091.png,41.61,0.899,0.059
patch_0000623.png,100.0,0.28,0.245
patch_0000184.png,51.73,0.86,0.107
patch_0001063.png,73.92,0.865,0.112
patch_0001715.png,88.09,0.89,0.055
patch_0000155.png,59.88,0.865,0.116
patch_0003040.png,29.61,0.89,0.091
patch_0002600.png,71.28,0.891,0.053
patch_0000293.png,29.77,0.896,0.062
patch_0000534.png,93.14,0.877,0.07
patch_0000946.png,78.64,0.849,0.122
patch_0003118.png,26.69,0.902,0.071
patch_0002758.png,51.28,0.892,0.064
patch_0002339.png,60.61,0.89,0.063
patch_0001928.png,96.6,0.886,0.057
patch_0000599.png,100.0,0.386,0.228
patch_0002919.png,53.36,0.891,0.083
patch_0000129.png,25.87,0.897,0.058
patch_0000548.png,51.24,0.901,0.056
patch_0001631.png,75.22,0.883,0.077
patch_0001196.png,48.99,0.896,0.051
patch_0000071.png,48.52,0.895,0.067
patch_0003164.png,36.63,0.892,0.069
patch_0002724.png,60.96,0.842,0.108
patch_0000862.png,79.65,0.883,0.077
patch_0000410.png,96.6,0.63,0.282
patch_0002345.png,85.07,0.837,0.129
patch_0002890.png,93.44,0.852,0.103
patch_0002394.png,79.4,0.864,0.119
patch_0002433.png,74.24,0.87,0.1
patch_0002841.png,28.83,0.901,0.052
patch_0001281.png,70.44,0.882,0.06
patch_0001526.png,80.47,0.869,0.093
patch_0000366.png,93.48,0.807,0.138
patch_0000707.png,85.39,0.843,0.116
patch_0001147.png,45.83,0.864,0.122
patch_0000239.png,99.85,0.626,0.258
patch_0001479.png,40.14,0.89,0.08
patch_0001018.png,97.57,0.824,0.124
patch_0000658.png,68.37,0.626,0.353
patch_0000689.png,58.55,0.851,0.133
patch_0000076.png,21.27,0.901,0.065
patch_0001191.png,85.25,0.864,0.093
patch_0001636.png,76.43,0.891,0.059
patch_0002084.png,93.44,0.869,0.087
patch_0002723.png,57.66,0.863,0.084
patch_0003163.png,33.13,0.896,0.071
patch_0001982.png,69.78,0.767,0.184
patch_0001257.png,65.38,0.788,0.182
patch_0000417.png,34.72,0.891,0.064
patch_0000865.png,52.12,0.902,0.062
patch_0002897.png,34.75,0.867,0.141
patch_0002342.png,70.8,0.886,0.06
patch_0002846.png,49.1,0.896,0.055
patch_0002434.png,50.03,0.896,0.069
patch_0002393.png,89.51,0.848,0.136
patch_0000361.png,54.84,0.853,0.121
patch_0001521.png,62.74,0.875,0.096
patch_0001286.png,64.39,0.87,0.093
patch_0002055.png,68.22,0.882,0.078
patch_0000700.png,40.87,0.896,0.067
patch_0002510.png,78.41,0.83,0.156
patch_0002962.png,56.12,0.823,0.168
patch_0000990.png,74.13,0.856,0.118
patch_0000245.png,99.2,0.544,0.258
patch_0001877.png,93.1,0.88,0.071
patch_0001405.png,85.14,0.877,0.092
patch_0003096.png,22.6,0.882,0.133
patch_0001064.png,56.95,0.884,0.087
patch_0000183.png,34.71,0.897,0.063
patch_0000624.png,100.0,0.435,0.232
patch_0000152.png,53.22,0.882,0.087
patch_0003047.png,27.2,0.893,0.098
patch_0000941.png,74.72,0.875,0.086
patch_0000533.png,79.47,0.869,0.1
patch_0000294.png,75.69,0.885,0.079
patch_0002266.png,76.95,0.861,0.091
patch_0002499.png,15.37,0.895,0.134
patch_0000819.png,35.65,0.89,0.074
patch_0002448.png,70.55,0.894,0.062
patch_0002910.png,50.35,0.878,0.101
patch_0001805.png,91.47,0.886,0.065
patch_0001477.png,67.29,0.888,0.073
patch_0000237.png,99.67,0.44,0.342
patch_0000590.png,100.0,0.551,0.204
patch_0000656.png,88.91,0.875,0.077
patch_0001016.png,72.54,0.838,0.139
patch_0001760.png,88.42,0.891,0.056
patch_0000687.png,77.97,0.871,0.079
patch_0000120.png,37.59,0.885,0.077
patch_0003035.png,18.84,0.901,0.09
patch_0002675.png,65.69,0.88,0.073
patch_0000541.png,78.44,0.837,0.107
patch_0001301.png,92.44,0.874,0.074
patch_0002214.png,84.96,0.891,0.057
patch_0001638.png,83.63,0.89,0.054
patch_0000078.png,35.62,0.882,0.106
patch_0002899.png,59.5,0.864,0.11
patch_0000419.png,54.31,0.859,0.105
patch_0001259.png,69.93,0.872,0.094
patch_0001288.png,61.76,0.828,0.146
patch_0002848.png,35.19,0.848,0.167
patch_0001879.png,95.18,0.887,0.058
patch_0003098.png,30.67,0.894,0.087
patch_0003049.png,32.63,0.887,0.091
patch_0002268.png,50.12,0.855,0.116
patch_0000004.png,43.17,0.865,0.097
patch_0003111.png,63.89,0.866,0.113
patch_0000465.png,99.92,0.676,0.244
patch_0000817.png,23.1,0.902,0.064
patch_0001225.png,84.43,0.858,0.107
patch_0002330.png,88.4,0.88,0.074
patch_0002834.png,41.49,0.896,0.061
patch_0002446.png,92.08,0.885,0.059
patch_0001553.png,74.71,0.89,0.055
patch_0001921.png,96.72,0.88,0.065
patch_0000313.png,89.56,0.382,0.348
patch_0002780.png,47.36,0.89,0.068
patch_0000772.png,55.55,0.885,0.084
patch_0000999.png,69.69,0.897,0.057
patch_0002519.png,74.4,0.889,0.057
patch_0002178.png,94.56,0.875,0.075
patch_0000948.png,49.04,0.895,0.06
patch_0000003.png,22.39,0.902,0.063
patch_0001643.png,84.23,0.89,0.052
patch_0003116.png,33.51,0.9,0.068
patch_0001585.png,61.25,0.89,0.078
patch_0001222.png,49.44,0.83,0.157
patch_0000810.png,53.23,0.897,0.057
patch_0000462.png,100.0,0.663,0.243
patch_0002490.png,80.29,0.888,0.064
patch_0002337.png,64.05,0.891,0.059
patch_0002441.png,82.06,0.89,0.055
patch_0002833.png,46.86,0.878,0.077
patch_0000314.png,100.0,0.233,0.248
patch_0001926.png,92.0,0.89,0.052
patch_0001554.png,74.75,0.893,0.054
patch_0002020.png,47.56,0.877,0.082
patch_0002787.png,42.52,0.875,0.092
patch_0001135.png,48.56,0.893,0.06
patch_0000775.png,82.05,0.867,0.092
patch_0002917.png,84.38,0.826,0.138
patch_0002565.png,74.3,0.889,0.063
patch_0000597.png,100.0,0.293,0.242
patch_0000230.png,48.51,0.861,0.108
patch_0001470.png,47.76,0.898,0.077
patch_0001802.png,96.5,0.885,0.072
patch_0001011.png,81.31,0.833,0.124
patch_0000651.png,77.82,0.873,0.083
patch_0000127.png,34.54,0.887,0.07
patch_0000680.png,100.0,0.207,0.218
patch_0001767.png,93.01,0.89,0.054
patch_0003032.png,31.41,0.899,0.066
patch_0000546.png,82.87,0.886,0.067
patch_0000934.png,72.84,0.892,0.062
patch_0002213.png,92.35,0.88,0.08
patch_0001198.png,85.65,0.88,0.066
patch_0000368.png,72.49,0.831,0.157
patch_0001149.png,36.77,0.884,0.094
patch_0000709.png,38.67,0.877,0.124
patch_0000305.png,35.16,0.878,0.126
patch_0001545.png,89.32,0.88,0.069
patch_0001937.png,66.87,0.898,0.053
patch_0002822.png,32.38,0.881,0.117
patch_0002450.png,74.56,0.891,0.054
patch_0001124.png,83.7,0.876,0.08
patch_0000764.png,37.93,0.901,0.054
patch_0002796.png,34.0,0.893,0.065
patch_0003107.png,55.26,0.868,0.117
patch_0000012.png,40.84,0.881,0.088
patch_0001652.png,57.69,0.887,0.057
patch_0002326.png,83.14,0.878,0.08
patch_0002481.png,89.34,0.886,0.06
patch_0001233.png,40.71,0.893,0.062
patch_0001594.png,91.44,0.886,0.065
patch_0000473.png,45.42,0.902,0.052
patch_0000801.png,86.94,0.858,0.104
patch_0000959.png,50.59,0.861,0.131
patch_0002508.png,50.12,0.871,0.11
patch_0000988.png,43.85,0.868,0.125
patch_0000379.png,54.96,0.882,0.07
patch_0001539.png,90.38,0.888,0.062
patch_0000718.png,24.44,0.9,0.062
patch_0001189.png,58.38,0.861,0.113
patch_0002663.png,85.77,0.89,0.054
patch_0003023.png,37.39,0.878,0.089
patch_0000691.png,73.42,0.823,0.149
patch_0000136.png,38.04,0.901,0.076
patch_0001317.png,66.46,0.894,0.057
patch_0000925.png,71.21,0.851,0.106
patch_0000557.png,96.49,0.713,0.225
patch_0000221.png,20.39,0.887,0.149
patch_0000586.png,39.86,0.897,0.059
patch_0001813.png,89.52,0.888,0.056
patch_0002906.png,82.84,0.848,0.123
patch_0001000.png,53.49,0.896,0.061
patch_0000640.png,100.0,0.154,0.179
patch_0002115.png,95.78,0.885,0.056
patch_0001299.png,51.13,0.901,0.068
patch_0001629.png,82.43,0.887,0.064
patch_0000069.png,48.59,0.88,0.083
patch_0000408.png,99.72,0.64,0.23
patch_0001248.png,60.1,0.868,0.121
patch_0002888.png,84.57,0.861,0.101
patch_0003024.png,23.02,0.898,0.074
patch_0002664.png,76.16,0.875,0.097
patch_0000131.png,19.28,0.893,0.103
patch_0000696.png,27.47,0.82,0.255
patch_0000550.png,77.85,0.882,0.08
patch_0000922.png,91.62,0.862,0.092
patch_0001310.png,76.51,0.87,0.097
patch_0001466.png,83.56,0.878,0.079
patch_0001814.png,67.36,0.892,0.059
patch_0000581.png,42.99,0.802,0.222
patch_0000226.png,25.75,0.901,0.057
patch_0002901.png,84.42,0.876,0.085
patch_0001007.png,56.29,0.895,0.063
patch_0002112.png,95.6,0.87,0.079
patch_0001930.png,91.56,0.888,0.055
patch_0001542.png,74.75,0.891,0.067
patch_0000302.png,97.59,0.523,0.286
patch_0002457.png,45.17,0.897,0.051
patch_0002825.png,28.56,0.891,0.073
patch_0000763.png,40.12,0.892,0.093
patch_0001123.png,95.68,0.865,0.088
patch_0002036.png,93.73,0.891,0.056
patch_0002791.png,59.17,0.897,0.07
patch_0003100.png,28.07,0.895,0.085
patch_0002740.png,29.34,0.9,0.062
patch_0001655.png,63.84,0.798,0.153
patch_0000015.png,26.53,0.899,0.065
patch_0002486.png,74.94,0.889,0.07
patch_0002321.png,89.73,0.891,0.053
patch_0000806.png,25.07,0.9,0.053
patch_0000474.png,37.32,0.892,0.081
patch_0001593.png,85.7,0.888,0.056
patch_0001234.png,45.22,0.888,0.073
patch_0003058.png,31.38,0.894,0.067
patch_0002618.png,74.53,0.873,0.087
patch_0002279.png,54.43,0.893,0.068
patch_0001868.png,38.38,0.882,0.089
patch_0003089.png,37.03,0.893,0.069
patch_0000370.png,48.88,0.899,0.066
patch_0001297.png,48.51,0.899,0.053
patch_0001942.png,59.74,0.822,0.139
patch_0002382.png,79.34,0.887,0.057
patch_0002425.png,56.71,0.831,0.156
patch_0002857.png,62.48,0.863,0.102
patch_0001151.png,77.39,0.862,0.103
patch_0000711.png,22.81,0.881,0.161
patch_0002044.png,98.49,0.871,0.08
patch_0002732.png,78.91,0.888,0.059
patch_0002095.png,64.26,0.855,0.116
patch_0003172.png,29.04,0.9,0.072
patch_0000067.png,62.99,0.867,0.095
patch_0001627.png,78.49,0.872,0.099
patch_0001180.png,42.88,0.9,0.053
patch_0002353.png,34.72,0.886,0.092
patch_0002886.png,71.28,0.866,0.103
patch_0001246.png,56.33,0.887,0.062
patch_0001993.png,98.16,0.889,0.054
patch_0000874.png,47.93,0.891,0.066
patch_0000406.png,100.0,0.514,0.271
patch_0000698.png,79.25,0.671,0.246
patch_0000228.png,30.39,0.897,0.059
patch_0001009.png,20.36,0.9,0.058
patch_0002459.png,75.96,0.882,0.07
patch_0002038.png,91.59,0.89,0.059
patch_0000808.png,50.58,0.895,0.058
patch_0002488.png,86.01,0.891,0.051
patch_0002616.png,39.56,0.899,0.052
patch_0003056.png,26.61,0.899,0.067
patch_0000143.png,99.3,0.306,0.27
patch_0001703.png,66.5,0.794,0.154
patch_0002277.png,73.56,0.89,0.067
patch_0000285.png,31.33,0.88,0.102
patch_0000522.png,100.0,0.73,0.168
patch_0000950.png,28.9,0.901,0.053
patch_0000254.png,100.0,0.179,0.211
patch_0000981.png,54.26,0.879,0.09
patch_0001866.png,40.36,0.878,0.086
patch_0002973.png,78.34,0.768,0.183
patch_0002501.png,82.1,0.876,0.083
patch_0001075.png,89.21,0.841,0.109
patch_0000635.png,48.0,0.861,0.12
patch_0000192.png,81.54,0.838,0.126
patch_0003087.png,25.57,0.901,0.075
patch_0002160.png,31.06,0.894,0.069
patch_0001939.png,52.86,0.87,0.092
patch_0002798.png,30.79,0.897,0.059
patch_0003109.png,39.96,0.88,0.108
patch_0002328.png,90.76,0.892,0.052
patch_0003051.png,32.91,0.891,0.075
patch_0002611.png,55.76,0.897,0.066
patch_0001704.png,64.7,0.84,0.13
patch_0000144.png,95.57,0.572,0.31
patch_0002270.png,55.91,0.848,0.133
patch_0000957.png,38.81,0.88,0.097
patch_0000525.png,89.09,0.816,0.131
patch_0000282.png,96.8,0.614,0.307
patch_0001365.png,97.73,0.878,0.067
patch_0000986.png,59.76,0.843,0.136
patch_0000253.png,38.83,0.711,0.349
patch_0002506.png,51.63,0.862,0.117
patch_0002974.png,81.95,0.693,0.221
patch_0000195.png,50.16,0.898,0.062
patch_0000632.png,56.76,0.893,0.063
patch_0001072.png,22.79,0.894,0.084
patch_0002167.png,22.68,0.9,0.065
patch_0003080.png,44.14,0.87,0.111
patch_0001537.png,41.03,0.898,0.087
patch_0001945.png,85.35,0.875,0.093
patch_0001290.png,59.42,0.806,0.163
patch_0000377.png,55.75,0.832,0.148
patch_0002850.png,22.06,0.893,0.115
patch_0002422.png,67.01,0.836,0.128
patch_0002385.png,61.04,0.813,0.157
patch_0000716.png,42.35,0.856,0.169
patch_0001156.png,67.82,0.895,0.053
patch_0002043.png,95.77,0.891,0.051
patch_0003175.png,35.37,0.894,0.067
patch_0002092.png,43.07,0.89,0.076
patch_0002735.png,78.99,0.892,0.054
patch_0001187.png,50.69,0.856,0.123
patch_0000060.png,31.22,0.891,0.077
patch_0002881.png,54.76,0.878,0.091
patch_0002354.png,76.55,0.891,0.065
patch_0000401.png,37.35,0.9,0.069
patch_0001994.png,97.36,0.888,0.056
patch_0001778.png,66.51,0.891,0.07
patch_0000138.png,30.01,0.896,0.07
patch_0000559.png,99.37,0.56,0.293
patch_0001319.png,66.67,0.877,0.079
patch_0002908.png,69.22,0.856,0.119
patch_0000588.png,90.22,0.871,0.077
patch_0000448.png,100.0,0.66,0.241
patch_0000029.png,40.67,0.861,0.113
patch_0002819.png,99.51,0.802,0.147
patch_0000499.png,99.92,0.668,0.234
patch_0000607.png,60.58,0.89,0.067
patch_0001047.png,67.86,0.748,0.209
patch_0002152.png,96.52,0.88,0.059
patch_0001426.png,56.41,0.887,0.07
patch_0000266.png,21.53,0.888,0.138
patch_0002533.png,77.1,0.893,0.057
patch_0002941.png,54.65,0.859,0.11
patch_0002990.png,75.04,0.77,0.162
patch_0002245.png,95.21,0.885,0.056
patch_0000962.png,92.46,0.825,0.122
patch_0001885.png,53.0,0.902,0.067
patch_0001350.png,28.36,0.898,0.069
patch_0003064.png,32.35,0.892,0.076
patch_0002183.png,77.54,0.885,0.074
patch_0002624.png,76.91,0.839,0.137
patch_0001096.png,60.71,0.895,0.063
patch_0001731.png,92.88,0.892,0.057
patch_0000171.png,43.74,0.844,0.141
patch_0002361.png,89.76,0.886,0.059
patch_0000434.png,57.59,0.888,0.065
patch_0000393.png,70.03,0.878,0.094
patch_0001274.png,86.96,0.875,0.056
patch_0003140.png,29.27,0.89,0.094
patch_0002700.png,48.08,0.879,0.078
patch_0001615.png,66.4,0.869,0.094
patch_0000055.png,31.55,0.893,0.065
patch_0000084.png,62.59,0.885,0.084
patch_0000723.png,53.35,0.866,0.098
patch_0001163.png,54.08,0.893,0.076
patch_0002076.png,96.03,0.881,0.075
patch_0001502.png,67.39,0.893,0.05
patch_0001970.png,93.07,0.89,0.051
patch_0000897.png,67.99,0.854,0.123
patch_0000342.png,25.72,0.898,0.059
patch_0002865.png,76.77,0.894,0.051
patch_0002689.png,59.18,0.888,0.067
patch_0001828.png,38.47,0.883,0.085
patch_0003018.png,49.47,0.86,0.106
patch_0002658.png,91.72,0.835,0.113
patch_0002366.png,87.77,0.869,0.103
patch_0001273.png,90.31,0.863,0.065
patch_0000394.png,44.8,0.896,0.09
patch_0000841.png,45.6,0.893,0.062
patch_0000433.png,81.83,0.767,0.207
patch_0002707.png,57.0,0.901,0.063
patch_0003147.png,32.75,0.895,0.073
patch_0000052.png,49.56,0.852,0.126
patch_0001612.png,55.64,0.832,0.14
patch_0000724.png,69.06,0.818,0.131
patch_0000083.png,49.33,0.882,0.085
patch_0002071.png,95.28,0.88,0.064
patch_0000345.png,32.23,0.899,0.05
patch_0000890.png,48.71,0.895,0.061
patch_0001977.png,34.08,0.894,0.06
patch_0001505.png,82.08,0.872,0.087
patch_0002410.png,91.16,0.879,0.072
patch_0002862.png,44.62,0.884,0.082
patch_0002129.png,75.34,0.815,0.149
patch_0002548.png,84.76,0.835,0.135
patch_0000919.png,29.84,0.889,0.097
patch_0000789.png,57.1,0.897,0.066
patch_0001118.png,54.03,0.889,0.089
patch_0000758.png,31.87,0.888,0.09
patch_0000339.png,40.34,0.87,0.13
patch_0001579.png,72.69,0.896,0.054
patch_0001040.png,30.98,0.899,0.053
patch_0000600.png,97.89,0.407,0.236
patch_0000261.png,70.3,0.66,0.29
patch_0001421.png,60.66,0.887,0.059
patch_0002293.png,87.17,0.879,0.082
patch_0002946.png,84.41,0.83,0.134
patch_0002242.png,83.64,0.894,0.053
patch_0002997.png,35.33,0.894,0.067
patch_0001357.png,85.51,0.848,0.11
patch_0001882.png,94.48,0.885,0.062
patch_0000517.png,59.23,0.901,0.05
patch_0000965.png,85.92,0.847,0.124
patch_0002623.png,29.6,0.894,0.075
patch_0003063.png,26.2,0.9,0.062
patch_0000176.png,45.61,0.771,0.286
patch_0001736.png,85.67,0.893,0.051
patch_0002368.png,83.95,0.892,0.05
patch_0003149.png,32.87,0.846,0.175
patch_0002709.png,89.08,0.859,0.097
patch_0001979.png,55.97,0.861,0.105
patch_0000672.png,49.61,0.85,0.141
patch_0001032.png,54.56,0.889,0.087
patch_0001795.png,82.82,0.895,0.057
patch_0002127.png,50.2,0.878,0.087
patch_0002680.png,77.33,0.81,0.136
patch_0001453.png,82.64,0.893,0.05
patch_0001821.png,22.07,0.901,0.053
patch_0002934.png,39.63,0.875,0.108
patch_0002546.png,61.15,0.861,0.114
patch_0002230.png,77.63,0.873,0.082
patch_0000565.png,61.39,0.891,0.073
patch_0000917.png,48.02,0.901,0.069
patch_0001482.png,44.14,0.886,0.078
patch_0001325.png,86.81,0.846,0.117
patch_0003011.png,53.25,0.854,0.105
patch_0002651.png,83.32,0.881,0.073
patch_0001744.png,63.05,0.846,0.123
patch_0000104.png,74.2,0.88,0.083
patch_0002314.png,85.57,0.869,0.085
patch_0000833.png,93.94,0.868,0.081
patch_0000441.png,100.0,0.572,0.247
patch_0003135.png,29.61,0.896,0.08
patch_0001660.png,85.78,0.867,0.083
patch_0000020.png,22.95,0.901,0.075
patch_0000787.png,60.08,0.886,0.07
patch_0000756.png,29.75,0.898,0.061
patch_0001116.png,89.18,0.859,0.097
patch_0002003.png,91.77,0.887,0.064
patch_0001905.png,60.65,0.849,0.098
patch_0000490.png,28.63,0.9,0.052
patch_0000337.png,23.87,0.897,0.104
patch_0002462.png,49.76,0.869,0.1
patch_0002948.png,48.47,0.842,0.155
patch_0000519.png,100.0,0.694,0.213
patch_0002999.png,61.15,0.815,0.155
patch_0000178.png,100.0,0.392,0.303
patch_0002313.png,76.23,0.813,0.156
patch_0000446.png,100.0,0.646,0.227
patch_0000834.png,69.68,0.864,0.099
patch_0003132.png,45.1,0.857,0.129
patch_0000027.png,33.52,0.89,0.077
patch_0001111.png,39.51,0.886,0.092
patch_0000751.png,43.15,0.881,0.115
patch_0002004.png,95.44,0.877,0.073
patch_0000330.png,76.88,0.784,0.225
patch_0000497.png,43.71,0.875,0.132
patch_0001570.png,32.91,0.88,0.102
patch_0001902.png,27.37,0.899,0.059
patch_0002817.png,20.54,0.902,0.062
patch_0002465.png,51.35,0.859,0.121
patch_0001049.png,80.02,0.842,0.13
patch_0000609.png,55.39,0.892,0.066
patch_0000268.png,83.53,0.855,0.119
patch_0001098.png,53.04,0.893,0.081
patch_0000848.png,51.81,0.887,0.082
patch_0002078.png,96.97,0.882,0.062
patch_0000899.png,88.51,0.824,0.144
patch_0001035.png,38.52,0.892,0.099
patch_0000675.png,91.17,0.861,0.097
patch_0002687.png,70.22,0.896,0.054
patch_0000214.png,74.17,0.426,0.38
patch_0001826.png,37.74,0.878,0.089
patch_0001454.png,91.87,0.882,0.063
patch_0002541.png,69.29,0.877,0.086
patch_0002933.png,49.29,0.863,0.114
patch_0002237.png,26.33,0.897,0.08
patch_0002590.png,78.07,0.867,0.105
patch_0001322.png,65.36,0.809,0.159
patch_0001485.png,90.48,0.874,0.089
patch_0000562.png,31.01,0.868,0.127
patch_0002656.png,87.28,0.783,0.152
patch_0003016.png,51.16,0.869,0.09
patch_0000103.png,75.56,0.809,0.153
patch_0001743.png,64.97,0.865,0.089
patch_0002518.png,73.61,0.888,0.071
patch_0000998.png,58.58,0.897,0.067
patch_0002179.png,81.46,0.886,0.066
patch_0000949.png,37.15,0.899,0.066
patch_0003117.png,29.01,0.899,0.073
patch_0000002.png,30.42,0.887,0.066
patch_0001642.png,84.01,0.89,0.051
patch_0002336.png,74.19,0.869,0.109
patch_0001223.png,55.47,0.837,0.143
patch_0001584.png,52.94,0.895,0.076
patch_0000811.png,50.53,0.897,0.07
patch_0000463.png,100.0,0.546,0.266
patch_0000315.png,100.0,0.294,0.247
patch_0001927.png,93.63,0.88,0.063
patch_0001555.png,69.8,0.894,0.059
patch_0002440.png,91.26,0.873,0.082
patch_0002832.png,23.12,0.901,0.055
patch_0001134.png,45.66,0.894,0.058
patch_0000774.png,64.87,0.869,0.107
patch_0002786.png,34.02,0.881,0.092
patch_0002021.png,48.53,0.863,0.103
patch_0000231.png,44.9,0.873,0.119
patch_0000596.png,100.0,0.265,0.243
patch_0001471.png,66.47,0.894,0.063
patch_0001803.png,94.05,0.885,0.059
patch_0002916.png,70.83,0.852,0.123
patch_0002564.png,79.93,0.894,0.054
patch_0001010.png,88.19,0.866,0.083
patch_0000650.png,63.62,0.888,0.063
patch_0002105.png,83.48,0.87,0.09
patch_0002673.png,36.05,0.895,0.061
patch_0003033.png,26.3,0.894,0.088
patch_0000681.png,92.9,0.602,0.257
patch_0000126.png,41.41,0.869,0.099
patch_0002212.png,87.01,0.891,0.057
patch_0000547.png,57.78,0.895,0.066
patch_0000935.png,57.78,0.892,0.084
patch_0001199.png,41.22,0.899,0.086
patch_0000369.png,45.91,0.898,0.071
patch_0001529.png,37.88,0.9,0.055
patch_0001148.png,34.0,0.894,0.076
patch_0000708.png,96.42,0.875,0.07
patch_0001804.png,94.28,0.881,0.065
patch_0001476.png,52.31,0.891,0.069
patch_0000591.png,100.0,0.419,0.233
patch_0000236.png,100.0,0.237,0.238
patch_0002911.png,66.51,0.856,0.127
patch_0000657.png,24.94,0.897,0.105
patch_0001017.png,86.78,0.85,0.113
patch_0003034.png,40.48,0.865,0.116
patch_0002674.png,31.28,0.886,0.094
patch_0000121.png,29.17,0.896,0.062
patch_0002215.png,88.77,0.887,0.059
patch_0000540.png,71.27,0.851,0.113
patch_0001300.png,86.65,0.88,0.071
patch_0001639.png,80.83,0.892,0.056
patch_0000079.png,66.7,0.882,0.088
patch_0000418.png,56.07,0.843,0.125
patch_0001258.png,54.41,0.87,0.107
patch_0002898.png,53.47,0.877,0.08
patch_0002849.png,33.86,0.881,0.108
patch_0001289.png,63.45,0.781,0.18
patch_0001878.png,97.79,0.891,0.053
patch_0003099.png,43.96,0.873,0.105
patch_0003048.png,35.14,0.88,0.098
patch_0002608.png,58.8,0.896,0.051
patch_0002269.png,58.22,0.85,0.116
patch_0003110.png,37.83,0.883,0.114
patch_0002750.png,40.05,0.897,0.056
patch_0001645.png,83.03,0.891,0.051
patch_0000005.png,27.78,0.897,0.064
patch_0002331.png,83.6,0.889,0.061
patch_0000464.png,100.0,0.64,0.237
patch_0000816.png,49.89,0.896,0.066
patch_0001583.png,95.23,0.885,0.059
patch_0001224.png,65.93,0.866,0.107
patch_0001552.png,91.03,0.882,0.079
patch_0001920.png,96.87,0.89,0.052
patch_0000312.png,74.02,0.874,0.08
patch_0002835.png,48.81,0.898,0.05
patch_0002447.png,90.24,0.891,0.052
patch_0000773.png,60.97,0.862,0.112
patch_0001133.png,47.72,0.892,0.097
patch_0002781.png,30.21,0.899,0.056
patch_0000238.png,99.94,0.632,0.264
patch_0001478.png,64.87,0.877,0.085
patch_0000659.png,69.44,0.489,0.39
patch_0000688.png,63.43,0.861,0.107
patch_0002722.png,44.94,0.875,0.087
patch_0003162.png,39.36,0.876,0.105
patch_0000077.png,42.1,0.895,0.066
patch_0001637.png,77.22,0.893,0.055
patch_0001190.png,67.56,0.872,0.095
patch_0002343.png,19.01,0.89,0.117
patch_0002896.png,60.36,0.867,0.107
patch_0001256.png,65.98,0.774,0.189
patch_0001983.png,71.3,0.827,0.133
patch_0000416.png,42.32,0.901,0.052
patch_0000864.png,95.77,0.854,0.096
patch_0000360.png,42.94,0.881,0.092
patch_0001287.png,64.16,0.855,0.117
patch_0001520.png,73.47,0.88,0.079
patch_0001952.png,81.98,0.881,0.079
patch_0002847.png,35.1,0.85,0.159
patch_0002435.png,57.61,0.891,0.054
patch_0001141.png,41.75,0.89,0.085
patch_0000244.png,100.0,0.561,0.258
patch_0000991.png,94.61,0.84,0.113
patch_0001876.png,83.47,0.875,0.081
patch_0001404.png,79.25,0.889,0.074
patch_0002511.png,83.85,0.883,0.069
patch_0002963.png,48.82,0.822,0.193
patch_0001065.png,63.16,0.861,0.134
patch_0000625.png,86.3,0.514,0.279
patch_0000182.png,25.56,0.894,0.091
patch_0003097.png,24.8,0.891,0.107
patch_0002606.png,70.19,0.895,0.059
patch_0003046.png,38.31,0.888,0.072
patch_0000153.png,62.74,0.866,0.109
patch_0001713.png,82.15,0.891,0.068
patch_0002267.png,59.99,0.859,0.105
patch_0000295.png,94.55,0.277,0.303
patch_0000532.png,53.69,0.899,0.05
patch_0002449.png,82.19,0.882,0.075
patch_0002028.png,87.22,0.884,0.051
patch_0001403.png,81.82,0.883,0.08
patch_0000243.png,100.0,0.417,0.257
patch_0002964.png,47.16,0.854,0.149
patch_0002516.png,82.66,0.827,0.155
patch_0000185.png,65.68,0.798,0.169
patch_0000622.png,100.0,0.29,0.244
patch_0001062.png,62.92,0.878,0.086
patch_0002177.png,92.03,0.892,0.053
patch_0003090.png,43.13,0.893,0.066
patch_0003041.png,22.45,0.9,0.091
patch_0000154.png,51.79,0.874,0.105
patch_0002260.png,81.62,0.892,0.052
patch_0000535.png,66.91,0.893,0.056
patch_0000947.png,81.02,0.882,0.078
patch_0000292.png,37.98,0.888,0.109
patch_0001375.png,55.62,0.889,0.066
patch_0003119.png,32.86,0.898,0.069
patch_0002338.png,85.55,0.886,0.071
patch_0001929.png,76.94,0.895,0.053
patch_0002788.png,31.07,0.896,0.06
patch_0002918.png,97.09,0.793,0.144
patch_0000598.png,100.0,0.393,0.233
patch_0000128.png,29.07,0.894,0.073
patch_0000549.png,53.85,0.892,0.071
patch_0001309.png,69.56,0.883,0.071
patch_0003165.png,33.16,0.89,0.072
patch_0002082.png,81.86,0.887,0.052
patch_0002725.png,42.23,0.886,0.071
patch_0001630.png,81.96,0.89,0.055
patch_0000070.png,78.96,0.856,0.107
patch_0002891.png,76.83,0.852,0.122
patch_0002344.png,67.76,0.88,0.073
patch_0000863.png,92.9,0.837,0.12
patch_0000411.png,99.81,0.682,0.216
patch_0001984.png,18.65,0.9,0.103
patch_0001251.png,31.41,0.878,0.12
patch_0001955.png,94.74,0.89,0.054
patch_0001527.png,91.17,0.862,0.092
patch_0001280.png,41.5,0.898,0.064
patch_0000367.png,63.19,0.781,0.198
patch_0002432.png,88.21,0.867,0.1
patch_0002840.png,14.09,0.865,0.161
patch_0002395.png,53.06,0.895,0.051
patch_0000706.png,61.78,0.78,0.205
patch_0001146.png,62.43,0.878,0.091
patch_0002980.png,40.09,0.877,0.084
patch_0000500.png,99.33,0.755,0.201
patch_0000972.png,51.74,0.885,0.079
patch_0001340.png,65.85,0.883,0.074
patch_0003074.png,37.3,0.878,0.106
patch_0002193.png,23.16,0.865,0.144
patch_0002634.png,65.21,0.899,0.053
patch_0001721.png,86.4,0.889,0.063
patch_0000161.png,41.85,0.887,0.069
patch_0000617.png,100.0,0.185,0.214
patch_0001057.png,66.31,0.889,0.058
patch_0002142.png,94.12,0.883,0.064
patch_0001436.png,60.76,0.85,0.118
patch_0001844.png,98.02,0.889,0.052
patch_0001391.png,56.69,0.872,0.092
patch_0000276.png,95.52,0.325,0.319
patch_0002951.png,55.51,0.855,0.119
patch_0002523.png,77.4,0.894,0.053
patch_0002284.png,50.31,0.897,0.067
patch_0000489.png,78.12,0.847,0.127
patch_0000458.png,51.69,0.901,0.062
patch_0001218.png,42.56,0.895,0.054
patch_0001679.png,85.68,0.883,0.071
patch_0000039.png,36.71,0.883,0.097
patch_0003008.png,52.43,0.82,0.163
patch_0002648.png,37.18,0.899,0.05
patch_0002699.png,46.1,0.883,0.077
patch_0001838.png,84.81,0.89,0.061
patch_0000094.png,41.38,0.854,0.14
patch_0003181.png,21.2,0.898,0.103
patch_0001960.png,89.47,0.887,0.053
patch_0001512.png,69.89,0.893,0.05
patch_0000887.png,39.26,0.895,0.067
patch_0000352.png,44.2,0.878,0.086
patch_0002407.png,93.48,0.879,0.071
patch_0002875.png,66.04,0.897,0.065
patch_0002371.png,64.76,0.898,0.055
patch_0000856.png,93.2,0.857,0.102
patch_0000424.png,100.0,0.355,0.276
patch_0000383.png,100.0,0.546,0.264
patch_0003150.png,33.02,0.889,0.101
patch_0002710.png,90.62,0.884,0.061
patch_0000045.png,27.63,0.895,0.064
patch_0000909.png,86.28,0.873,0.078
patch_0002589.png,55.48,0.881,0.084
patch_0002139.png,62.55,0.899,0.061
patch_0001174.png,42.74,0.868,0.123
patch_0000734.png,60.64,0.892,0.064
patch_0000093.png,48.86,0.829,0.155
patch_0002061.png,56.85,0.836,0.143
patch_0000355.png,31.49,0.883,0.107
patch_0000880.png,40.93,0.891,0.062
patch_0002872.png,92.96,0.868,0.094
patch_0002400.png,85.14,0.892,0.055
patch_0000384.png,99.66,0.657,0.237
patch_0000423.png,99.63,0.594,0.268
patch_0000851.png,36.31,0.891,0.084
patch_0002717.png,33.06,0.901,0.065
patch_0003157.png,33.1,0.893,0.072
patch_0000042.png,34.52,0.889,0.079
patch_0001602.png,57.94,0.887,0.091
patch_0002252.png,96.61,0.886,0.053
patch_0002987.png,65.0,0.836,0.119
patch_0001892.png,84.4,0.885,0.067
patch_0000975.png,48.59,0.892,0.076
patch_0000507.png,79.45,0.785,0.186
patch_0002194.png,32.84,0.898,0.05
patch_0003073.png,41.43,0.864,0.124
patch_0000166.png,55.9,0.794,0.18
patch_0001726.png,94.19,0.879,0.078
patch_0001081.png,81.05,0.802,0.166
patch_0001050.png,95.68,0.845,0.106
patch_0000610.png,71.76,0.88,0.082
patch_0002145.png,95.41,0.879,0.066
patch_0000271.png,21.21,0.896,0.092
patch_0001396.png,84.7,0.888,0.055
patch_0001843.png,91.23,0.887,0.061
patch_0001431.png,80.09,0.884,0.066
patch_0002283.png,92.67,0.886,0.055
patch_0002524.png,85.79,0.891,0.053
patch_0002956.png,49.29,0.863,0.103
patch_0001108.png,75.55,0.887,0.06
patch_0000748.png,89.44,0.868,0.08
patch_0000329.png,90.29,0.793,0.225
patch_0001569.png,45.19,0.863,0.112
patch_0000799.png,55.8,0.875,0.108
patch_0002587.png,52.84,0.861,0.122
patch_0002220.png,95.23,0.873,0.096
patch_0000907.png,58.13,0.896,0.051
patch_0000575.png,100.0,0.313,0.249
patch_0001492.png,82.59,0.89,0.062
patch_0001335.png,65.27,0.893,0.05
patch_0003001.png,37.17,0.871,0.136
patch_0002641.png,81.68,0.889,0.055
patch_0000114.png,40.21,0.884,0.084
patch_0000662.png,100.0,0.157,0.174
patch_0001022.png,57.69,0.893,0.068
patch_0001785.png,45.31,0.875,0.09
patch_0002137.png,79.75,0.895,0.056
patch_0002690.png,73.33,0.89,0.057
patch_0001443.png,92.14,0.883,0.067
patch_0000203.png,35.44,0.889,0.072
patch_0002556.png,88.62,0.891,0.054
patch_0002924.png,76.14,0.895,0.06
patch_0003159.png,36.92,0.884,0.092
patch_0002719.png,28.9,0.899,0.061
patch_0000509.png,41.02,0.893,0.053
patch_0002989.png,55.62,0.856,0.095
patch_0001728.png,65.7,0.888,0.085
patch_0000168.png,47.31,0.835,0.152
patch_0002958.png,44.98,0.892,0.078
patch_0000746.png,66.88,0.837,0.132
patch_0002013.png,81.44,0.891,0.056
patch_0001567.png,39.45,0.899,0.061
patch_0001915.png,92.0,0.869,0.103
patch_0000480.png,99.42,0.646,0.25
patch_0000327.png,84.28,0.856,0.131
patch_0002304.png,43.55,0.894,0.058
patch_0000451.png,60.21,0.849,0.136
patch_0000823.png,46.13,0.887,0.067
patch_0003125.png,57.86,0.795,0.183
patch_0002765.png,39.1,0.887,0.075
patch_0000030.png,37.98,0.876,0.103
patch_0000797.png,75.06,0.869,0.099
patch_0000619.png,100.0,0.283,0.245
patch_0000278.png,19.79,0.895,0.098
patch_0001438.png,93.42,0.833,0.121
patch_0001101.png,60.51,0.889,0.063
patch_0000741.png,89.76,0.879,0.072
patch_0000320.png,89.36,0.74,0.233
patch_0000487.png,100.0,0.565,0.259
patch_0002475.png,66.69,0.895,0.053
patch_0002807.png,37.08,0.887,0.077
patch_0002303.png,45.52,0.902,0.057
patch_0001216.png,23.12,0.902,0.058
patch_0000824.png,92.35,0.889,0.057
patch_0000456.png,57.04,0.883,0.087
patch_0002762.png,36.83,0.885,0.103
patch_0003122.png,65.13,0.895,0.073
patch_0000790.png,39.93,0.898,0.058
patch_0000037.png,35.53,0.871,0.118
patch_0001677.png,58.33,0.896,0.068
patch_0001332.png,87.79,0.886,0.057
patch_0001495.png,73.18,0.89,0.067
patch_0000572.png,100.0,0.281,0.246
patch_0000900.png,96.37,0.801,0.151
patch_0003006.png,34.42,0.893,0.076
patch_0000113.png,33.18,0.892,0.082
patch_0001782.png,41.73,0.895,0.057
patch_0000665.png,100.0,0.564,0.229
patch_0002130.png,80.34,0.838,0.131
patch_0000204.png,41.13,0.869,0.108
patch_0001444.png,68.95,0.888,0.062
patch_0002923.png,55.59,0.889,0.066
patch_0002551.png,93.19,0.841,0.124
patch_0002068.png,96.71,0.888,0.055
patch_0002409.png,80.98,0.877,0.077
patch_0000858.png,64.51,0.887,0.076
patch_0001207.png,68.88,0.876,0.073
patch_0000447.png,100.0,0.69,0.209
patch_0000835.png,27.4,0.898,0.063
patch_0002312.png,67.56,0.824,0.142
patch_0000026.png,26.93,0.898,0.07
patch_0000781.png,59.09,0.888,0.06
patch_0002773.png,64.16,0.89,0.056
patch_0003133.png,38.95,0.873,0.114
patch_0002005.png,92.38,0.889,0.053
patch_0001110.png,67.09,0.863,0.102
patch_0000750.png,43.42,0.9,0.054
patch_0002816.png,49.84,0.893,0.088
patch_0002464.png,35.31,0.886,0.095
patch_0000496.png,93.49,0.868,0.085
patch_0000331.png,30.59,0.898,0.079
patch_0001571.png,64.55,0.842,0.129
patch_0001903.png,39.69,0.888,0.062
patch_0001048.png,71.28,0.77,0.201
patch_0000608.png,61.79,0.893,0.068
patch_0000269.png,87.42,0.661,0.3
patch_0001429.png,71.82,0.889,0.053
patch_0001099.png,59.73,0.888,0.074
patch_0002079.png,88.8,0.891,0.054
patch_0000898.png,58.59,0.872,0.109
patch_0002418.png,59.16,0.89,0.07
patch_0002686.png,76.3,0.894,0.06
patch_0001034.png,50.78,0.893,0.058
patch_0000674.png,81.37,0.842,0.127
patch_0002540.png,85.46,0.878,0.088
patch_0002932.png,41.66,0.869,0.123
patch_0000215.png,100.0,0.222,0.226
patch_0001827.png,35.3,0.883,0.08
patch_0001455.png,71.64,0.893,0.064
patch_0001484.png,78.34,0.848,0.122
patch_0001323.png,67.13,0.804,0.165
patch_0000563.png,81.71,0.892,0.058
patch_0002591.png,93.76,0.856,0.109
patch_0002236.png,95.27,0.887,0.053
patch_0000102.png,71.47,0.816,0.15
patch_0001742.png,31.95,0.897,0.057
patch_0002657.png,86.17,0.797,0.146
patch_0003017.png,43.09,0.873,0.103
patch_0002369.png,75.61,0.889,0.068
patch_0003148.png,37.74,0.885,0.082
patch_0002708.png,97.43,0.811,0.146
patch_0001978.png,49.6,0.875,0.084
patch_0002681.png,71.35,0.867,0.086
patch_0002126.png,39.02,0.891,0.076
patch_0000673.png,68.64,0.817,0.162
patch_0001033.png,63.36,0.88,0.088
patch_0002935.png,51.63,0.842,0.15
patch_0002547.png,66.08,0.847,0.136
patch_0001452.png,93.63,0.872,0.089
patch_0000212.png,37.3,0.882,0.094
patch_0000564.png,72.51,0.881,0.08
patch_0000916.png,42.49,0.894,0.051
patch_0001324.png,85.68,0.827,0.135
patch_0001483.png,74.98,0.859,0.117
patch_0002231.png,57.0,0.869,0.098
patch_0001745.png,57.62,0.836,0.144
patch_0000105.png,50.72,0.889,0.086
patch_0003010.png,49.23,0.86,0.107
patch_0002650.png,73.6,0.877,0.072
patch_0000832.png,92.54,0.855,0.097
patch_0000440.png,100.0,0.485,0.256
patch_0001200.png,91.81,0.868,0.082
patch_0001661.png,61.07,0.895,0.061
patch_0000786.png,48.06,0.892,0.068
patch_0000021.png,30.78,0.893,0.075
patch_0003134.png,40.54,0.886,0.074
patch_0002774.png,55.92,0.89,0.069
patch_0000757.png,23.43,0.899,0.06
patch_0001117.png,30.43,0.89,0.119
patch_0002463.png,40.82,0.886,0.085
patch_0001904.png,53.12,0.862,0.091
patch_0001576.png,64.17,0.892,0.068
patch_0000336.png,34.17,0.873,0.134
patch_0000491.png,71.89,0.895,0.051
patch_0001389.png,58.72,0.892,0.057
patch_0002949.png,61.65,0.835,0.146
patch_0002998.png,42.79,0.884,0.07
patch_0000518.png,93.25,0.798,0.168
patch_0001358.png,58.87,0.889,0.08
patch_0001739.png,71.94,0.891,0.055
patch_0000179.png,98.42,0.522,0.303
patch_0001272.png,80.71,0.878,0.056
patch_0000840.png,42.29,0.896,0.057
patch_0000432.png,99.93,0.546,0.274
patch_0000395.png,46.4,0.893,0.067
patch_0000053.png,53.06,0.837,0.142
patch_0001613.png,57.11,0.829,0.14
patch_0002706.png,83.22,0.894,0.055
patch_0003146.png,35.47,0.883,0.1
patch_0002070.png,83.01,0.885,0.065
patch_0001165.png,70.58,0.853,0.126
patch_0000082.png,39.46,0.88,0.093
patch_0000725.png,64.91,0.836,0.138
patch_0002863.png,71.92,0.885,0.075
patch_0000891.png,91.13,0.886,0.059
patch_0000344.png,31.12,0.892,0.065
patch_0001976.png,34.6,0.893,0.06
patch_0001504.png,66.78,0.881,0.089
patch_0002128.png,59.33,0.856,0.107
patch_0002549.png,89.88,0.847,0.111
patch_0002598.png,77.88,0.887,0.073
patch_0001119.png,73.18,0.892,0.06
patch_0000759.png,36.74,0.887,0.093
patch_0000338.png,41.34,0.88,0.095
patch_0001578.png,72.82,0.895,0.054
patch_0002154.png,80.09,0.888,0.058
patch_0001041.png,18.45,0.902,0.073
patch_0000601.png,41.46,0.772,0.287
patch_0002947.png,64.3,0.836,0.146
patch_0002535.png,61.86,0.885,0.075
patch_0002292.png,71.45,0.899,0.051
patch_0000260.png,38.57,0.831,0.204
patch_0001420.png,56.38,0.887,0.062
patch_0001387.png,40.0,0.896,0.052
patch_0001883.png,95.3,0.887,0.057
patch_0001356.png,65.72,0.84,0.135
patch_0000516.png,89.1,0.872,0.08
patch_0002996.png,46.99,0.878,0.08
patch_0002243.png,92.18,0.884,0.061
patch_0000177.png,100.0,0.222,0.227
patch_0001090.png,79.68,0.874,0.079
patch_0001737.png,92.44,0.889,0.053
patch_0002185.png,92.79,0.891,0.051
patch_0002622.png,50.23,0.882,0.084
patch_0003062.png,20.32,0.9,0.093
patch_0000449.png,100.0,0.607,0.258
patch_0001209.png,46.12,0.897,0.052
patch_0000028.png,32.51,0.887,0.082
patch_0000498.png,86.38,0.818,0.162
patch_0002818.png,71.08,0.879,0.08
patch_0002153.png,88.06,0.885,0.058
patch_0000606.png,70.41,0.892,0.063
patch_0001046.png,61.75,0.765,0.211
patch_0002532.png,87.89,0.881,0.068
patch_0002940.png,38.21,0.879,0.088
patch_0001380.png,83.21,0.864,0.09
patch_0001855.png,76.38,0.892,0.06
patch_0001427.png,74.31,0.893,0.056
patch_0000267.png,43.16,0.871,0.097
patch_0000963.png,66.69,0.869,0.094
patch_0000511.png,74.56,0.889,0.066
patch_0001351.png,22.35,0.896,0.084
patch_0001884.png,93.37,0.874,0.081
patch_0002244.png,78.46,0.885,0.078
patch_0002991.png,32.23,0.886,0.106
patch_0001730.png,92.34,0.877,0.085
patch_0000170.png,50.23,0.834,0.154
patch_0003065.png,28.54,0.892,0.105
patch_0002625.png,92.45,0.843,0.118
patch_0002182.png,87.27,0.883,0.076
patch_0000392.png,82.51,0.841,0.127
patch_0000435.png,50.03,0.885,0.07
patch_0001275.png,40.35,0.892,0.051
patch_0002360.png,81.43,0.881,0.083
patch_0001614.png,50.54,0.855,0.12
patch_0000054.png,62.19,0.86,0.106
patch_0003141.png,47.68,0.865,0.107
patch_0002701.png,66.92,0.841,0.105
patch_0002077.png,96.41,0.87,0.081
patch_0000722.png,62.61,0.858,0.114
patch_0000085.png,41.19,0.9,0.071
patch_0001162.png,79.41,0.886,0.063
patch_0002416.png,48.85,0.889,0.073
patch_0001503.png,83.34,0.888,0.058
patch_0000343.png,23.6,0.898,0.069
patch_0000896.png,59.63,0.881,0.089
patch_0002688.png,90.52,0.883,0.078
patch_0001829.png,44.67,0.883,0.086
patch_0002238.png,73.32,0.886,0.094
patch_0003019.png,42.67,0.882,0.086
patch_0002659.png,41.24,0.9,0.055
patch_0001938.png,44.12,0.874,0.096
patch_0003108.png,34.79,0.893,0.086
patch_0001705.png,79.68,0.869,0.083
patch_0000145.png,95.72,0.66,0.256
patch_0003050.png,26.71,0.901,0.06
patch_0000283.png,100.0,0.246,0.244
patch_0000956.png,70.35,0.848,0.123
patch_0000524.png,91.33,0.813,0.106
patch_0002271.png,77.97,0.857,0.109
patch_0002507.png,55.7,0.859,0.117
patch_0002975.png,82.6,0.722,0.205
patch_0001412.png,66.61,0.894,0.063
patch_0000252.png,91.94,0.859,0.106
patch_0000987.png,58.81,0.821,0.166
patch_0002166.png,75.38,0.867,0.096
patch_0003081.png,32.81,0.892,0.075
patch_0000633.png,84.98,0.867,0.09
patch_0000194.png,31.29,0.888,0.105
patch_0001073.png,25.01,0.9,0.062
patch_0002384.png,66.52,0.839,0.129
patch_0002851.png,31.62,0.899,0.05
patch_0002423.png,39.22,0.871,0.116
patch_0001291.png,59.26,0.858,0.114
patch_0001536.png,80.83,0.89,0.063
patch_0001944.png,72.24,0.867,0.093
patch_0000376.png,49.06,0.872,0.103
patch_0002042.png,93.33,0.881,0.067
patch_0000717.png,49.51,0.898,0.05
patch_0001157.png,51.86,0.893,0.052
patch_0001186.png,57.61,0.852,0.12
patch_0000061.png,35.98,0.885,0.085
patch_0003174.png,37.46,0.893,0.073
patch_0002734.png,83.65,0.887,0.064
patch_0002093.png,62.32,0.854,0.115
patch_0000400.png,60.62,0.883,0.076
patch_0000872.png,36.9,0.901,0.057
patch_0001995.png,97.24,0.887,0.061
patch_0002355.png,71.46,0.896,0.065
patch_0002880.png,62.23,0.876,0.093
patch_0000139.png,50.56,0.862,0.117
patch_0000558.png,99.87,0.644,0.275
patch_0001318.png,55.33,0.886,0.059
patch_0000589.png,99.36,0.461,0.313
patch_0002909.png,67.01,0.862,0.111
patch_0002424.png,45.04,0.855,0.137
patch_0002856.png,53.93,0.862,0.11
patch_0002383.png,76.91,0.872,0.084
patch_0000371.png,67.13,0.848,0.14
patch_0001943.png,62.85,0.839,0.121
patch_0001531.png,62.96,0.895,0.06
patch_0002045.png,60.22,0.884,0.082
patch_0001150.png,42.22,0.884,0.086
patch_0000710.png,43.27,0.886,0.1
patch_0000066.png,37.8,0.879,0.087
patch_0001181.png,20.43,0.901,0.077
patch_0001626.png,50.24,0.896,0.088
patch_0002094.png,81.33,0.812,0.149
patch_0002733.png,96.83,0.883,0.062
patch_0003173.png,45.34,0.864,0.105
patch_0001992.png,96.72,0.891,0.055
patch_0001247.png,29.44,0.892,0.123
patch_0000875.png,41.2,0.894,0.064
patch_0000407.png,100.0,0.565,0.263
patch_0002887.png,75.1,0.859,0.11
patch_0002352.png,73.9,0.876,0.085
patch_0000229.png,35.6,0.884,0.09
patch_0000648.png,34.03,0.901,0.074
patch_0002458.png,16.25,0.895,0.093
patch_0002039.png,97.49,0.876,0.075
patch_0002489.png,66.45,0.894,0.052
patch_0000142.png,46.93,0.825,0.194
patch_0001702.png,65.0,0.773,0.176
patch_0002617.png,73.13,0.885,0.073
patch_0003057.png,24.86,0.901,0.07
patch_0000523.png,95.41,0.769,0.128
patch_0000951.png,43.97,0.872,0.103
patch_0000284.png,82.21,0.773,0.255
patch_0002276.png,85.96,0.89,0.057
patch_0002972.png,80.46,0.808,0.148
patch_0002500.png,59.06,0.892,0.057
patch_0000980.png,34.91,0.894,0.06
patch_0000255.png,100.0,0.261,0.259
patch_0001415.png,72.36,0.891,0.056
patch_0001867.png,36.9,0.874,0.098
patch_0003086.png,35.47,0.882,0.098
patch_0002161.png,45.26,0.89,0.07
patch_0001074.png,68.64,0.879,0.071
patch_0000193.png,35.13,0.9,0.064
patch_0000634.png,94.04,0.88,0.064
patch_0001298.png,54.48,0.901,0.072
patch_0002858.png,73.96,0.888,0.068
patch_0001628.png,95.5,0.877,0.07
patch_0000068.png,27.72,0.892,0.073
patch_0002889.png,90.2,0.865,0.093
patch_0000409.png,97.78,0.596,0.271
patch_0001249.png,47.51,0.893,0.054
patch_0000697.png,30.39,0.846,0.213
patch_0000130.png,40.35,0.884,0.07
patch_0003025.png,18.66,0.892,0.128
patch_0002665.png,72.14,0.894,0.053
patch_0000551.png,82.16,0.86,0.101
patch_0000923.png,63.76,0.856,0.117
patch_0001311.png,56.16,0.888,0.077
patch_0002204.png,31.28,0.896,0.08
patch_0002900.png,72.69,0.882,0.076
patch_0002572.png,55.4,0.896,0.059
patch_0001467.png,85.22,0.89,0.062
patch_0001815.png,73.82,0.892,0.063
patch_0000227.png,34.27,0.891,0.064
patch_0000580.png,73.06,0.557,0.308
patch_0002113.png,91.11,0.886,0.06
patch_0000646.png,33.41,0.802,0.274
patch_0001006.png,45.43,0.897,0.055
patch_0002456.png,52.55,0.899,0.051
patch_0002824.png,39.72,0.884,0.073
patch_0001543.png,87.32,0.881,0.073
patch_0000303.png,70.77,0.826,0.152
patch_0002790.png,58.02,0.892,0.06
patch_0002037.png,86.39,0.888,0.062
patch_0000762.png,57.87,0.878,0.095
patch_0001122.png,42.64,0.901,0.074
patch_0001654.png,67.53,0.812,0.138
patch_0000014.png,23.81,0.9,0.059
patch_0003101.png,23.64,0.902,0.073
patch_0002741.png,38.62,0.889,0.075
patch_0000807.png,36.36,0.881,0.101
patch_0000475.png,49.83,0.89,0.071
patch_0001592.png,94.72,0.877,0.066
patch_0002320.png,90.52,0.886,0.063
patch_0002487.png,80.03,0.888,0.066
patch_0003059.png,43.82,0.875,0.098
patch_0002619.png,63.95,0.873,0.092
patch_0002278.png,69.4,0.892,0.055
patch_0001869.png,40.98,0.881,0.092
patch_0003088.png,23.65,0.902,0.055
patch_0002823.png,28.22,0.899,0.062
patch_0002451.png,78.7,0.88,0.088
patch_0000304.png,76.57,0.753,0.216
patch_0001544.png,82.13,0.887,0.059
patch_0001936.png,44.29,0.894,0.063
patch_0002030.png,91.1,0.892,0.053
patch_0002797.png,35.85,0.892,0.063
patch_0001125.png,71.13,0.89,0.053
patch_0001682.png,84.32,0.891,0.053
patch_0000765.png,52.15,0.886,0.091
patch_0000013.png,25.5,0.9,0.078
patch_0001653.png,73.45,0.869,0.081
patch_0002746.png,59.58,0.838,0.127
patch_0003106.png,51.62,0.892,0.081
patch_0001232.png,86.4,0.873,0.08
patch_0000472.png,66.95,0.892,0.057
patch_0000800.png,67.6,0.883,0.078
patch_0002480.png,69.71,0.889,0.072
patch_0002327.png,92.98,0.883,0.07
patch_0000958.png,59.32,0.848,0.14
patch_0000989.png,52.15,0.854,0.133
patch_0002509.png,57.94,0.829,0.157
patch_0002168.png,74.26,0.894,0.057
patch_0000378.png,51.75,0.847,0.121
patch_0001538.png,68.67,0.882,0.09
patch_0000719.png,54.95,0.895,0.052
patch_0001188.png,38.58,0.882,0.091
patch_0000137.png,28.95,0.897,0.1
patch_0000690.png,63.74,0.802,0.182
patch_0001777.png,93.83,0.883,0.061
patch_0002662.png,84.85,0.882,0.076
patch_0003022.png,28.97,0.894,0.076
patch_0001316.png,80.93,0.876,0.075
patch_0000924.png,67.36,0.85,0.116
patch_0000556.png,82.95,0.702,0.261
patch_0002203.png,87.36,0.86,0.14
patch_0002907.png,69.39,0.849,0.12
patch_0000587.png,79.04,0.866,0.098
patch_0000220.png,30.43,0.869,0.156
patch_0001812.png,94.94,0.888,0.053
patch_0001460.png,91.63,0.879,0.065
patch_0002114.png,92.73,0.88,0.062
patch_0001001.png,54.81,0.898,0.064
patch_0000398.png,45.54,0.856,0.12
patch_0000349.png,38.37,0.888,0.082
patch_0001509.png,80.94,0.885,0.066
patch_0000728.png,79.63,0.842,0.141
patch_0000211.png,47.26,0.88,0.105
patch_0001451.png,69.92,0.892,0.062
patch_0002544.png,45.97,0.849,0.142
patch_0002936.png,53.18,0.869,0.121
patch_0001797.png,94.33,0.89,0.051
patch_0001030.png,61.61,0.883,0.086
patch_0000670.png,61.15,0.885,0.068
patch_0002682.png,54.72,0.881,0.09
patch_0002125.png,39.25,0.898,0.053
patch_0002653.png,82.11,0.828,0.124
patch_0003013.png,19.8,0.898,0.095
patch_0000106.png,26.63,0.902,0.062
patch_0001746.png,52.11,0.843,0.139
patch_0002232.png,46.62,0.882,0.093
patch_0001327.png,59.71,0.889,0.084
patch_0001480.png,33.12,0.898,0.067
patch_0000567.png,60.35,0.887,0.07
patch_0003137.png,44.58,0.871,0.108
patch_0000785.png,55.84,0.87,0.11
patch_0000022.png,42.86,0.866,0.104
patch_0001662.png,84.43,0.887,0.065
patch_0002316.png,63.81,0.887,0.08
patch_0000443.png,100.0,0.672,0.223
patch_0000831.png,82.58,0.878,0.079
patch_0000335.png,92.22,0.78,0.176
patch_0000492.png,56.82,0.894,0.066
patch_0001907.png,39.77,0.863,0.11
patch_0002812.png,44.44,0.892,0.072
patch_0002460.png,82.49,0.869,0.092
patch_0001114.png,55.56,0.853,0.128
patch_0000754.png,60.43,0.887,0.061
patch_0002001.png,89.9,0.891,0.051
patch_0002159.png,17.73,0.887,0.117
patch_0002188.png,96.17,0.887,0.053
patch_0000969.png,46.28,0.886,0.068
patch_0003130.png,26.84,0.891,0.095
patch_0001665.png,83.74,0.809,0.165
patch_0000025.png,44.45,0.875,0.091
patch_0000782.png,46.6,0.869,0.115
patch_0002311.png,71.12,0.809,0.154
patch_0000444.png,100.0,0.518,0.258
patch_0001204.png,59.74,0.866,0.117
patch_0001900.png,80.01,0.89,0.054
patch_0001572.png,60.37,0.875,0.103
patch_0000332.png,53.06,0.89,0.075
patch_0002467.png,55.72,0.863,0.116
patch_0002815.png,40.66,0.877,0.087
patch_0001113.png,65.04,0.794,0.185
patch_0002006.png,92.83,0.885,0.059
patch_0001858.png,80.66,0.89,0.061
patch_0003068.png,32.11,0.878,0.117
patch_0002628.png,56.0,0.892,0.058
patch_0002249.png,93.55,0.884,0.062
patch_0001619.png,68.18,0.886,0.079
patch_0000059.png,26.82,0.898,0.062
patch_0001278.png,56.77,0.892,0.05
patch_0002869.png,57.28,0.883,0.081
patch_0000088.png,42.2,0.877,0.091
patch_0001456.png,86.42,0.881,0.069
patch_0001824.png,49.65,0.884,0.075
patch_0000216.png,99.79,0.619,0.262
patch_0002931.png,43.69,0.864,0.124
patch_0002543.png,61.66,0.832,0.141
patch_0000677.png,46.41,0.847,0.171
patch_0001037.png,34.7,0.9,0.05
patch_0001790.png,62.6,0.859,0.111
patch_0003014.png,29.6,0.886,0.121
patch_0002654.png,71.24,0.806,0.149
patch_0000101.png,48.93,0.868,0.12
patch_0002592.png,67.85,0.883,0.079
patch_0002235.png,87.91,0.876,0.077
patch_0000560.png,73.74,0.722,0.231
patch_0001320.png,56.97,0.836,0.139
patch_0000838.png,38.76,0.892,0.073
patch_0002469.png,84.93,0.839,0.124
patch_0002008.png,59.92,0.895,0.063
patch_0000264.png,73.01,0.723,0.246
patch_0001383.png,72.6,0.889,0.058
patch_0001856.png,91.6,0.888,0.057
patch_0002296.png,64.07,0.896,0.054
patch_0002943.png,48.38,0.901,0.079
patch_0002531.png,70.91,0.89,0.07
patch_0001045.png,60.12,0.785,0.195
patch_0002150.png,66.2,0.895,0.061
patch_0002626.png,91.78,0.876,0.076
patch_0002181.png,78.3,0.888,0.066
patch_0003066.png,21.86,0.899,0.095
patch_0000173.png,72.97,0.85,0.115
patch_0001094.png,58.11,0.896,0.064
patch_0002247.png,90.71,0.892,0.051
patch_0001352.png,61.34,0.886,0.064
patch_0001887.png,83.57,0.889,0.06
patch_0000512.png,55.42,0.894,0.069
patch_0000960.png,49.61,0.866,0.121
patch_0002702.png,61.22,0.854,0.1
patch_0003142.png,63.27,0.847,0.138
patch_0000057.png,48.51,0.848,0.137
patch_0001617.png,76.64,0.881,0.074
patch_0002363.png,90.0,0.89,0.052
patch_0001276.png,68.77,0.885,0.064
patch_0000391.png,76.08,0.812,0.172
patch_0000436.png,37.34,0.884,0.08
patch_0000340.png,50.33,0.849,0.158
patch_0000895.png,45.03,0.899,0.057
patch_0001500.png,86.41,0.883,0.068
patch_0002415.png,68.93,0.89,0.052
patch_0002867.png,57.41,0.899,0.062
patch_0001161.png,65.85,0.896,0.066
patch_0000721.png,82.17,0.85,0.111
patch_0000086.png,40.14,0.9,0.078
patch_0002074.png,93.67,0.886,0.064
patch_0000218.png,98.79,0.502,0.289
patch_0001458.png,71.22,0.892,0.05
patch_0001039.png,30.17,0.889,0.085
patch_0000679.png,91.81,0.369,0.322
patch_0001489.png,63.16,0.894,0.052
patch_0003145.png,76.09,0.819,0.162
patch_0001610.png,62.77,0.865,0.1
patch_0000050.png,51.31,0.875,0.094
patch_0002364.png,86.69,0.884,0.077
patch_0000431.png,99.96,0.64,0.25
patch_0000843.png,23.59,0.9,0.051
patch_0000396.png,17.67,0.9,0.114
patch_0001507.png,76.72,0.891,0.057
patch_0001975.png,72.34,0.891,0.053
patch_0000892.png,90.26,0.86,0.098
patch_0000347.png,11.22,0.9,0.146
patch_0002860.png,41.22,0.882,0.09
patch_0002412.png,60.75,0.891,0.056
patch_0000081.png,39.12,0.888,0.078
patch_0000726.png,84.83,0.852,0.107
patch_0001166.png,57.79,0.885,0.087
patch_0002073.png,94.84,0.879,0.064
patch_0002938.png,96.22,0.808,0.134
patch_0001799.png,74.7,0.887,0.084
patch_0001748.png,77.03,0.758,0.173
patch_0000108.png,70.21,0.836,0.115
patch_0000569.png,96.51,0.874,0.077
patch_0001329.png,68.21,0.899,0.052
patch_0003139.png,33.44,0.89,0.09
patch_0002779.png,49.97,0.89,0.062
patch_0001909.png,90.75,0.843,0.114
patch_0001851.png,95.86,0.884,0.06
patch_0000263.png,83.56,0.685,0.249
patch_0002944.png,67.54,0.876,0.099
patch_0001042.png,76.92,0.877,0.069
patch_0003061.png,12.89,0.896,0.139
patch_0002186.png,83.26,0.889,0.061
patch_0002621.png,38.66,0.886,0.089
patch_0001093.png,45.45,0.9,0.079
patch_0000174.png,46.73,0.888,0.076
patch_0002995.png,31.98,0.899,0.062
patch_0002240.png,65.64,0.896,0.058
patch_0000967.png,55.8,0.89,0.066
patch_0000515.png,72.58,0.856,0.123
patch_0001880.png,95.58,0.885,0.056
patch_0001355.png,55.36,0.84,0.13
patch_0000713.png,51.01,0.891,0.079
patch_0001153.png,68.39,0.89,0.067
patch_0002046.png,95.19,0.888,0.057
patch_0001940.png,62.34,0.842,0.116
patch_0001295.png,62.11,0.891,0.054
patch_0000372.png,41.63,0.859,0.16
patch_0002855.png,47.84,0.885,0.076
patch_0002427.png,50.58,0.892,0.07
patch_0002884.png,55.83,0.873,0.1
patch_0002351.png,89.71,0.814,0.139
patch_0000404.png,100.0,0.437,0.304
patch_0000876.png,68.25,0.865,0.11
patch_0001991.png,95.94,0.888,0.055
patch_0003170.png,23.9,0.901,0.083
patch_0001182.png,21.47,0.898,0.09
patch_0001625.png,92.29,0.886,0.061
patch_0000065.png,30.36,0.893,0.072
patch_0003028.png,41.43,0.884,0.068
patch_0002668.png,91.84,0.886,0.059
patch_0001688.png,89.63,0.886,0.058
patch_0002829.png,39.78,0.886,0.066
patch_0000478.png,69.83,0.859,0.109
patch_0001238.png,59.98,0.887,0.06
patch_0001659.png,57.09,0.87,0.105
patch_0000019.png,34.76,0.894,0.088
patch_0002275.png,72.84,0.895,0.054
patch_0000952.png,25.45,0.894,0.071
patch_0000520.png,99.02,0.73,0.208
patch_0000287.png,99.95,0.303,0.268
patch_0001360.png,61.31,0.893,0.064
patch_0003054.png,29.59,0.891,0.095
patch_0002614.png,73.74,0.884,0.078
patch_0001701.png,60.68,0.804,0.167
patch_0000141.png,59.61,0.891,0.077
patch_0000190.png,62.16,0.795,0.175
patch_0000637.png,100.0,0.179,0.212
patch_0001077.png,58.64,0.858,0.124
patch_0002162.png,48.74,0.884,0.081
patch_0003085.png,22.36,0.902,0.079
patch_0001864.png,44.21,0.882,0.072
patch_0001416.png,75.05,0.891,0.051
patch_0000983.png,47.11,0.897,0.052
patch_0000256.png,100.0,0.277,0.288
patch_0002503.png,64.04,0.872,0.1
patch_0002971.png,39.21,0.893,0.099
patch_0001128.png,89.2,0.859,0.094
patch_0000309.png,39.59,0.875,0.131
patch_0001549.png,57.94,0.893,0.078
patch_0001598.png,65.78,0.894,0.06
patch_0002272.png,95.97,0.871,0.076
patch_0001367.png,90.75,0.887,0.055
patch_0000280.png,49.07,0.882,0.094
patch_0000527.png,63.41,0.88,0.07
patch_0000955.png,84.34,0.847,0.118
patch_0002613.png,78.28,0.884,0.066
patch_0003053.png,48.29,0.865,0.102
patch_0000146.png,27.77,0.898,0.059
patch_0001070.png,37.24,0.897,0.053
patch_0000630.png,53.52,0.889,0.078
patch_0000197.png,100.0,0.223,0.228
patch_0003082.png,32.28,0.9,0.066
patch_0002165.png,81.24,0.848,0.117
patch_0000251.png,63.98,0.863,0.121
patch_0000984.png,92.98,0.837,0.115
patch_0001863.png,22.8,0.901,0.053
patch_0002976.png,97.14,0.744,0.176
patch_0002504.png,46.13,0.869,0.104
patch_0001154.png,63.71,0.894,0.051
patch_0002041.png,81.83,0.885,0.067
patch_0000375.png,27.66,0.899,0.064
patch_0001292.png,76.81,0.873,0.091
patch_0001947.png,76.68,0.879,0.073
patch_0001535.png,79.54,0.883,0.078
patch_0002387.png,62.17,0.775,0.193
patch_0002420.png,85.16,0.867,0.085
patch_0002852.png,31.62,0.9,0.056
patch_0002356.png,78.4,0.885,0.079
patch_0002883.png,40.32,0.895,0.065
patch_0000403.png,99.5,0.698,0.224
patch_0002737.png,55.37,0.898,0.058
patch_0002090.png,35.66,0.896,0.056
patch_0003177.png,34.22,0.882,0.096
patch_0000062.png,55.38,0.886,0.08
patch_0001622.png,73.05,0.894,0.053
patch_0001185.png,68.62,0.859,0.101
patch_0000929.png,83.4,0.855,0.111
patch_0002119.png,93.21,0.885,0.053
patch_0002578.png,39.04,0.888,0.077
patch_0000766.png,33.28,0.89,0.074
patch_0001681.png,97.27,0.882,0.061
patch_0002033.png,96.61,0.886,0.059
patch_0002794.png,32.24,0.89,0.083
patch_0001547.png,77.07,0.875,0.088
patch_0000307.png,67.75,0.821,0.157
patch_0002452.png,75.98,0.886,0.063
patch_0002820.png,67.77,0.873,0.095
patch_0002483.png,82.53,0.892,0.058
patch_0002324.png,90.56,0.884,0.066
patch_0000803.png,84.98,0.877,0.078
patch_0000471.png,59.84,0.864,0.115
patch_0001231.png,43.69,0.891,0.097
patch_0003105.png,72.22,0.888,0.074
patch_0002745.png,61.13,0.817,0.154
patch_0000010.png,28.83,0.901,0.065
patch_0000529.png,63.4,0.885,0.082
patch_0001369.png,87.47,0.888,0.058
patch_0000148.png,44.16,0.873,0.086
patch_0000199.png,100.0,0.58,0.273
patch_0002978.png,21.48,0.894,0.105
patch_0002389.png,55.0,0.86,0.119
patch_0001998.png,95.12,0.888,0.058
patch_0003179.png,26.66,0.899,0.075
patch_0002200.png,77.54,0.866,0.096
patch_0000555.png,79.58,0.671,0.279
patch_0000927.png,33.76,0.884,0.111
patch_0001315.png,65.6,0.877,0.085
patch_0003021.png,30.77,0.891,0.086
patch_0000693.png,93.33,0.885,0.058
patch_0000642.png,100.0,0.172,0.19
patch_0001002.png,39.68,0.902,0.076
patch_0002117.png,76.69,0.887,0.059
patch_0001811.png,93.28,0.883,0.062
patch_0000584.png,58.58,0.888,0.073
patch_0000223.png,99.32,0.551,0.271
patch_0002904.png,83.43,0.889,0.06
patch_0002576.png,48.24,0.898,0.053
patch_0002048.png,94.3,0.876,0.066
patch_0002429.png,93.61,0.838,0.114
patch_0000878.png,47.37,0.894,0.054
patch_0001312.png,53.65,0.895,0.079
patch_0000920.png,29.71,0.899,0.056
patch_0000552.png,84.82,0.868,0.083
patch_0002666.png,77.92,0.893,0.056
patch_0003026.png,31.75,0.861,0.158
patch_0000694.png,84.84,0.376,0.346
patch_0000133.png,17.26,0.898,0.108
patch_0000645.png,98.75,0.393,0.247
patch_0002110.png,58.91,0.886,0.093
patch_0000224.png,96.01,0.675,0.232
patch_0000583.png,73.99,0.883,0.079
patch_0001816.png,83.02,0.886,0.071
patch_0001464.png,40.33,0.89,0.087
patch_0002571.png,83.79,0.885,0.072
patch_0002903.png,82.17,0.883,0.076
patch_0001686.png,92.11,0.88,0.077
patch_0001121.png,85.59,0.87,0.091
patch_0000761.png,41.29,0.884,0.117
patch_0002793.png,25.7,0.898,0.057
patch_0002034.png,96.69,0.885,0.066
patch_0000300.png,100.0,0.332,0.266
patch_0001540.png,77.47,0.883,0.081
patch_0002827.png,47.42,0.889,0.075
patch_0002455.png,43.84,0.897,0.054
patch_0002323.png,92.35,0.889,0.057
patch_0002484.png,77.4,0.887,0.071
patch_0001591.png,92.77,0.88,0.064
patch_0000476.png,74.31,0.874,0.092
patch_0002742.png,37.52,0.88,0.097
patch_0003102.png,27.93,0.897,0.082
patch_0000017.png,43.81,0.869,0.101
patch_0001657.png,62.79,0.784,0.178
patch_0000289.png,97.15,0.541,0.27
patch_0001079.png,61.92,0.784,0.193
patch_0000639.png,100.0,0.152,0.184
patch_0000258.png,58.69,0.784,0.226
patch_0001418.png,68.98,0.895,0.052
patch_0002101.png,86.27,0.892,0.05
patch_0001014.png,52.81,0.836,0.158
patch_0000654.png,50.02,0.872,0.116
patch_0002912.png,63.25,0.853,0.125
patch_0000592.png,100.0,0.368,0.245
patch_0000235.png,97.66,0.249,0.261
patch_0001475.png,36.78,0.898,0.052
patch_0001303.png,95.28,0.866,0.079
patch_0000543.png,93.51,0.812,0.131
patch_0000931.png,59.73,0.879,0.091
patch_0002216.png,77.74,0.892,0.067
patch_0000122.png,35.3,0.88,0.098
patch_0000685.png,68.65,0.689,0.267
patch_0001762.png,96.87,0.882,0.064
patch_0002677.png,76.25,0.86,0.097
patch_0003037.png,30.14,0.889,0.092
patch_0002059.png,34.66,0.891,0.072
patch_0002438.png,75.34,0.883,0.067
patch_0000628.png,72.04,0.893,0.051
patch_0000249.png,28.59,0.896,0.064
patch_0000298.png,59.42,0.878,0.102
patch_0000467.png,99.95,0.715,0.232
patch_0002495.png,74.83,0.895,0.052
patch_0002332.png,72.42,0.893,0.061
patch_0000006.png,37.3,0.887,0.079
patch_0002753.png,73.73,0.895,0.057
patch_0003113.png,31.67,0.878,0.109
patch_0002782.png,44.4,0.897,0.053
patch_0001130.png,78.59,0.892,0.061
patch_0001697.png,40.76,0.893,0.052
patch_0000770.png,80.82,0.858,0.106
patch_0002444.png,58.3,0.895,0.077
patch_0002836.png,24.06,0.898,0.07
patch_0000311.png,28.66,0.9,0.051
patch_0001923.png,95.7,0.885,0.06
patch_0001551.png,61.44,0.897,0.062
patch_0000188.png,52.64,0.852,0.129
patch_0002969.png,34.05,0.89,0.071
patch_0000538.png,100.0,0.779,0.166
patch_0001378.png,62.02,0.886,0.073
patch_0001719.png,95.78,0.886,0.061
patch_0000159.png,81.04,0.647,0.278
patch_0000460.png,98.76,0.707,0.23
patch_0000812.png,61.1,0.875,0.111
patch_0001220.png,64.68,0.82,0.136
patch_0001587.png,92.72,0.888,0.056
patch_0002492.png,53.16,0.9,0.052
patch_0001641.png,91.01,0.881,0.066
patch_0000001.png,36.2,0.876,0.063
patch_0003114.png,21.5,0.901,0.099
patch_0002754.png,79.78,0.882,0.074
patch_0002785.png,38.77,0.884,0.081
patch_0002022.png,60.49,0.806,0.161
patch_0000777.png,77.96,0.881,0.074
patch_0001137.png,58.74,0.893,0.051
patch_0002831.png,43.21,0.886,0.067
patch_0002443.png,67.17,0.891,0.074
patch_0001924.png,97.58,0.888,0.056
patch_0000316.png,94.89,0.636,0.287
patch_0000653.png,57.87,0.867,0.115
patch_0001013.png,58.61,0.818,0.169
patch_0002915.png,71.05,0.836,0.148
patch_0001800.png,88.48,0.887,0.056
patch_0001472.png,44.16,0.888,0.078
patch_0000232.png,70.61,0.891,0.056
patch_0000595.png,100.0,0.387,0.244
patch_0000936.png,62.01,0.887,0.084
patch_0000544.png,40.35,0.883,0.093
patch_0001304.png,74.36,0.891,0.063
patch_0002211.png,89.27,0.894,0.053
patch_0001765.png,96.13,0.891,0.052
patch_0000682.png,46.33,0.812,0.217
patch_0000125.png,28.62,0.894,0.063
patch_0003030.png,50.46,0.863,0.097
patch_0002670.png,62.19,0.897,0.056
patch_0002349.png,61.03,0.789,0.183
patch_0003168.png,31.95,0.885,0.099
patch_0001958.png,88.9,0.886,0.056
patch_0003093.png,64.78,0.894,0.066
patch_0001061.png,49.19,0.886,0.075
patch_0000186.png,46.19,0.862,0.117
patch_0000621.png,100.0,0.184,0.215
patch_0002515.png,80.96,0.889,0.07
patch_0002967.png,36.5,0.882,0.11
patch_0000995.png,73.52,0.89,0.073
patch_0000240.png,100.0,0.537,0.262
patch_0001872.png,68.98,0.889,0.058
patch_0001376.png,75.04,0.892,0.053
patch_0000944.png,41.92,0.897,0.062
patch_0000536.png,55.17,0.859,0.136
patch_0000291.png,34.12,0.874,0.141
patch_0002263.png,39.6,0.897,0.057
patch_0000157.png,94.27,0.304,0.301
patch_0001717.png,94.64,0.885,0.053
patch_0002602.png,75.58,0.889,0.059
patch_0003042.png,35.64,0.893,0.061
patch_0001589.png,91.39,0.885,0.062
patch_0001139.png,72.59,0.88,0.062
patch_0000779.png,43.43,0.89,0.073
patch_0000318.png,27.28,0.888,0.088
patch_0001558.png,78.24,0.879,0.093
patch_0002108.png,87.36,0.884,0.065
patch_0002569.png,83.71,0.882,0.069
patch_0000938.png,75.51,0.879,0.08
patch_0001987.png,63.8,0.888,0.079
patch_0001252.png,31.92,0.9,0.055
patch_0000412.png,99.1,0.627,0.249
patch_0000860.png,63.36,0.892,0.061
patch_0002892.png,83.64,0.833,0.125
patch_0002347.png,61.0,0.819,0.149
patch_0000073.png,47.96,0.894,0.067
patch_0001194.png,60.99,0.894,0.053
patch_0001633.png,62.15,0.89,0.08
patch_0002726.png,26.55,0.898,0.055
patch_0003166.png,36.08,0.892,0.073
patch_0002050.png,83.1,0.885,0.064
patch_0001145.png,83.5,0.86,0.094
patch_0000705.png,47.14,0.859,0.122
patch_0002843.png,73.77,0.882,0.077
patch_0002431.png,78.94,0.892,0.066
patch_0000364.png,75.91,0.87,0.082
patch_0001524.png,36.17,0.887,0.085
patch_0001283.png,67.35,0.883,0.073
patch_0002218.png,94.73,0.874,0.078
patch_0003039.png,28.19,0.892,0.09
patch_0002679.png,86.78,0.823,0.121
patch_0000867.png,15.98,0.902,0.06
patch_0000415.png,57.55,0.887,0.074
patch_0001255.png,62.65,0.797,0.167
patch_0001980.png,58.59,0.838,0.121
patch_0002340.png,48.25,0.893,0.063
patch_0002895.png,83.15,0.848,0.111
patch_0001634.png,89.64,0.881,0.065
patch_0000074.png,60.37,0.836,0.15
patch_0003161.png,28.27,0.895,0.087
patch_0002721.png,34.82,0.898,0.062
patch_0002086.png,72.85,0.883,0.059
patch_0000702.png,82.32,0.865,0.09
patch_0001142.png,51.38,0.893,0.086
patch_0002391.png,64.77,0.89,0.079
patch_0002436.png,60.74,0.891,0.062
patch_0002844.png,20.42,0.898,0.081
patch_0001284.png,39.7,0.892,0.05
patch_0001951.png,57.11,0.891,0.079
patch_0001523.png,45.59,0.871,0.099
patch_0000363.png,60.65,0.809,0.181
patch_0002173.png,93.7,0.892,0.051
patch_0003094.png,66.44,0.882,0.093
patch_0000626.png,34.75,0.886,0.077
patch_0000181.png,45.13,0.881,0.079
patch_0001066.png,34.47,0.901,0.072
patch_0002960.png,78.97,0.795,0.162
patch_0002512.png,87.68,0.873,0.084
patch_0001407.png,83.77,0.89,0.058
patch_0001875.png,99.08,0.877,0.07
patch_0000247.png,82.84,0.753,0.205
patch_0000992.png,91.97,0.848,0.101
patch_0000296.png,100.0,0.223,0.234
patch_0000531.png,50.16,0.895,0.066
patch_0001371.png,79.71,0.891,0.055
patch_0002264.png,61.61,0.895,0.051
patch_0000150.png,38.75,0.86,0.129
patch_0003045.png,50.87,0.862,0.091
patch_0002605.png,74.79,0.892,0.054
patch_0000469.png,99.26,0.709,0.223
patch_0000008.png,37.81,0.877,0.103
patch_0001699.png,41.43,0.876,0.098
patch_0002838.png,18.42,0.892,0.089
patch_0001759.png,77.13,0.889,0.061
patch_0000119.png,30.77,0.886,0.101
patch_0000578.png,100.0,0.311,0.234
patch_0001338.png,49.71,0.881,0.091
patch_0002929.png,58.28,0.87,0.109
patch_0001788.png,40.64,0.879,0.096
patch_0002403.png,82.59,0.892,0.052
patch_0002871.png,70.42,0.878,0.09
patch_0001964.png,97.0,0.887,0.057
patch_0000356.png,54.53,0.854,0.109
patch_0000883.png,45.33,0.89,0.065
patch_0002062.png,67.85,0.85,0.11
patch_0000737.png,40.23,0.885,0.081
patch_0000090.png,45.67,0.866,0.11
patch_0001177.png,42.82,0.897,0.051
patch_0000041.png,31.73,0.883,0.09
patch_0003154.png,38.13,0.885,0.09
patch_0002714.png,57.99,0.893,0.053
patch_0000387.png,54.14,0.875,0.113
patch_0000852.png,33.2,0.902,0.068
patch_0000420.png,41.04,0.9,0.055
patch_0001260.png,90.61,0.869,0.083
patch_0002375.png,77.83,0.884,0.07
patch_0001725.png,83.64,0.889,0.057
patch_0001082.png,97.38,0.845,0.106
patch_0000165.png,55.77,0.842,0.121
patch_0003070.png,28.68,0.896,0.082
patch_0002630.png,74.63,0.888,0.061
patch_0002197.png,35.48,0.895,0.069
patch_0000504.png,94.6,0.766,0.168
patch_0000976.png,42.69,0.887,0.081
patch_0001344.png,65.28,0.882,0.053
patch_0001891.png,76.32,0.887,0.069
patch_0002251.png,87.95,0.879,0.066
patch_0002984.png,35.73,0.9,0.086
patch_0002955.png,29.28,0.894,0.064
patch_0002527.png,79.99,0.89,0.053
patch_0001395.png,86.62,0.84,0.122
patch_0001432.png,74.54,0.873,0.088
patch_0001840.png,88.87,0.883,0.057
patch_0000272.png,22.79,0.901,0.106
patch_0002146.png,90.15,0.887,0.056
patch_0000613.png,68.8,0.724,0.292
patch_0001053.png,71.16,0.888,0.062
patch_0001918.png,95.7,0.883,0.068
patch_0003128.png,52.88,0.881,0.11
patch_0002768.png,61.04,0.83,0.136
patch_0002309.png,67.15,0.841,0.117
patch_0000162.png,34.36,0.881,0.101
patch_0001085.png,35.42,0.898,0.055
patch_0001722.png,63.83,0.893,0.07
patch_0002637.png,56.46,0.901,0.058
patch_0003077.png,31.14,0.885,0.111
patch_0001896.png,64.6,0.901,0.054
patch_0000503.png,94.91,0.777,0.149
patch_0002983.png,48.36,0.878,0.109
patch_0002256.png,89.13,0.887,0.056
patch_0002520.png,83.17,0.874,0.088
patch_0002952.png,67.16,0.819,0.163
patch_0002287.png,87.37,0.885,0.067
patch_0000275.png,100.0,0.295,0.262
patch_0001435.png,32.46,0.89,0.083
patch_0001392.png,61.46,0.85,0.112
patch_0002141.png,97.75,0.885,0.06
patch_0001054.png,65.46,0.882,0.07
patch_0000614.png,92.14,0.44,0.318
patch_0002478.png,76.99,0.889,0.062
patch_0002019.png,34.39,0.894,0.058
patch_0000829.png,53.13,0.888,0.081
patch_0001498.png,80.67,0.893,0.057
patch_0000209.png,38.81,0.885,0.085
patch_0001449.png,68.3,0.888,0.078
patch_0001028.png,37.9,0.899,0.085
patch_0000668.png,40.64,0.901,0.069
patch_0002876.png,51.15,0.84,0.143
patch_0002404.png,81.9,0.887,0.064
patch_0000884.png,46.39,0.888,0.072
patch_0000351.png,45.72,0.868,0.099
patch_0001511.png,87.44,0.883,0.063
patch_0001963.png,90.62,0.886,0.061
patch_0000097.png,59.94,0.855,0.102
patch_0000046.png,33.76,0.89,0.066
patch_0003153.png,31.39,0.897,0.074
patch_0001267.png,49.9,0.883,0.106
patch_0000427.png,100.0,0.58,0.25
patch_0000855.png,95.44,0.882,0.065
patch_0000380.png,32.03,0.864,0.158
patch_0002372.png,90.47,0.857,0.113
patch_0003079.png,46.04,0.866,0.108
patch_0002639.png,74.68,0.883,0.075
patch_0002258.png,71.84,0.892,0.057
patch_0001849.png,95.29,0.884,0.056
patch_0002289.png,85.33,0.878,0.072
patch_0002804.png,27.39,0.901,0.058
patch_0001911.png,91.4,0.89,0.052
patch_0000323.png,45.5,0.851,0.166
patch_0000484.png,100.0,0.718,0.203
patch_0002017.png,76.98,0.892,0.05
patch_0000742.png,80.91,0.864,0.103
patch_0001102.png,44.23,0.897,0.051
patch_0000793.png,42.4,0.892,0.098
patch_0000034.png,23.41,0.901,0.058
patch_0003121.png,27.22,0.901,0.072
patch_0002761.png,15.28,0.902,0.066
patch_0000455.png,44.82,0.88,0.095
patch_0000827.png,73.42,0.881,0.085
patch_0001215.png,36.91,0.883,0.085
patch_0002300.png,63.75,0.896,0.052
patch_0001750.png,70.08,0.866,0.088
patch_0000110.png,46.73,0.878,0.105
patch_0000571.png,100.0,0.57,0.181
patch_0001331.png,92.21,0.875,0.054
patch_0001496.png,83.25,0.891,0.057
patch_0002224.png,77.66,0.891,0.062
patch_0002583.png,79.09,0.88,0.084
patch_0002552.png,92.74,0.863,0.086
patch_0002920.png,15.95,0.899,0.111
patch_0001447.png,81.7,0.885,0.065
patch_0000207.png,47.13,0.863,0.112
patch_0002694.png,69.04,0.893,0.05
patch_0002133.png,96.24,0.879,0.065
patch_0000666.png,100.0,0.425,0.237
patch_0001026.png,57.97,0.89,0.059
patch_0002878.png,37.56,0.892,0.07
patch_0000099.png,49.48,0.899,0.059
patch_0000048.png,33.58,0.894,0.067
patch_0000429.png,100.0,0.65,0.217
patch_0000117.png,38.17,0.881,0.091
patch_0001757.png,94.68,0.887,0.052
patch_0001491.png,89.95,0.868,0.091
patch_0000576.png,100.0,0.304,0.243
patch_0000904.png,73.94,0.893,0.052
patch_0002584.png,54.3,0.885,0.078
patch_0002927.png,93.25,0.835,0.125
patch_0002555.png,77.96,0.888,0.078
patch_0000200.png,67.64,0.77,0.248
patch_0001440.png,78.1,0.888,0.068
patch_0001832.png,78.37,0.897,0.055
patch_0002693.png,82.89,0.887,0.065
patch_0001021.png,87.0,0.874,0.077
patch_0001786.png,36.17,0.886,0.077
patch_0000661.png,50.57,0.653,0.363
patch_0000358.png,61.54,0.847,0.126
patch_0001518.png,22.3,0.892,0.084
patch_0001179.png,32.71,0.898,0.052
patch_0000739.png,68.25,0.889,0.07
patch_0000389.png,83.6,0.783,0.2
patch_0002199.png,45.79,0.882,0.092
patch_0000978.png,26.45,0.901,0.055
patch_0002148.png,86.29,0.889,0.055
patch_0002471.png,88.81,0.872,0.082
patch_0002803.png,22.7,0.899,0.056
patch_0000483.png,100.0,0.568,0.266
patch_0000324.png,35.38,0.874,0.119
patch_0001916.png,95.22,0.89,0.055
patch_0001564.png,24.8,0.893,0.075
patch_0002010.png,66.01,0.881,0.084
patch_0001105.png,58.73,0.898,0.055
patch_0000745.png,64.09,0.879,0.082
patch_0000033.png,30.95,0.898,0.067
patch_0000794.png,91.56,0.882,0.069
patch_0001673.png,76.46,0.892,0.055
patch_0002766.png,48.1,0.876,0.086
patch_0003126.png,46.52,0.848,0.143
patch_0000820.png,59.16,0.865,0.131
patch_0002307.png,57.8,0.881,0.061
patch_0002049.png,90.34,0.886,0.059
patch_0002428.png,91.95,0.857,0.102
patch_0000879.png,60.59,0.88,0.081
patch_0001313.png,48.13,0.898,0.057
patch_0000921.png,80.8,0.889,0.055
patch_0000553.png,52.63,0.862,0.131
patch_0002206.png,84.37,0.894,0.052
patch_0000132.png,46.12,0.893,0.056
patch_0000695.png,77.04,0.531,0.336
patch_0001772.png,86.72,0.889,0.053
patch_0002667.png,65.74,0.89,0.057
patch_0003027.png,25.41,0.888,0.107
patch_0002111.png,97.62,0.879,0.066
patch_0000644.png,100.0,0.35,0.237
patch_0002570.png,68.02,0.886,0.076
patch_0002902.png,90.1,0.874,0.083
patch_0000582.png,88.09,0.891,0.054
patch_0000225.png,61.93,0.781,0.229
patch_0001817.png,86.12,0.892,0.052
patch_0001465.png,59.8,0.895,0.07
patch_0002035.png,96.96,0.891,0.052
patch_0001120.png,91.11,0.844,0.117
patch_0001687.png,88.51,0.89,0.053
patch_0000760.png,42.6,0.899,0.056
patch_0002826.png,43.19,0.898,0.059
patch_0000301.png,99.47,0.435,0.266
patch_0001541.png,54.73,0.884,0.096
patch_0001590.png,92.75,0.872,0.08
patch_0000477.png,90.42,0.886,0.056
patch_0002485.png,71.12,0.891,0.06
patch_0002322.png,93.82,0.887,0.06
patch_0000016.png,43.48,0.869,0.096
patch_0001656.png,58.62,0.806,0.156
patch_0002743.png,29.46,0.898,0.059
patch_0003103.png,35.98,0.883,0.098
patch_0000288.png,100.0,0.305,0.265
patch_0001078.png,64.19,0.788,0.188
patch_0000259.png,23.58,0.883,0.145
patch_0002795.png,39.36,0.886,0.067
patch_0000767.png,33.77,0.836,0.192
patch_0001680.png,63.02,0.875,0.104
patch_0002453.png,82.11,0.886,0.058
patch_0002821.png,39.29,0.884,0.086
patch_0001546.png,81.0,0.892,0.051
patch_0000306.png,38.1,0.895,0.081
patch_0000802.png,95.81,0.859,0.091
patch_0000470.png,99.47,0.646,0.239
patch_0001230.png,67.57,0.888,0.07
patch_0002325.png,93.53,0.878,0.073
patch_0000011.png,31.6,0.894,0.075
patch_0003104.png,73.11,0.889,0.067
patch_0002744.png,56.53,0.843,0.11
patch_0001368.png,84.68,0.888,0.057
patch_0000149.png,37.99,0.868,0.111
patch_0000198.png,100.0,0.446,0.298
patch_0002979.png,27.16,0.9,0.058
patch_0002388.png,78.15,0.731,0.202
patch_0001999.png,95.42,0.889,0.055
patch_0003178.png,33.68,0.879,0.104
patch_0000554.png,94.61,0.612,0.219
patch_0000926.png,55.08,0.877,0.096
patch_0001314.png,47.17,0.878,0.1
patch_0002201.png,82.29,0.87,0.087
patch_0001775.png,76.84,0.891,0.055
patch_0000692.png,94.15,0.834,0.124
patch_0000135.png,27.11,0.832,0.234
patch_0003020.png,30.14,0.89,0.09
patch_0002660.png,66.96,0.883,0.081
patch_0002116.png,88.59,0.889,0.05
patch_0000643.png,100.0,0.29,0.243
patch_0001003.png,63.2,0.883,0.075
patch_0002905.png,80.12,0.882,0.078
patch_0000222.png,83.71,0.526,0.319
patch_0000585.png,68.24,0.879,0.087
patch_0001129.png,71.86,0.862,0.112
patch_0000769.png,84.58,0.862,0.094
patch_0000308.png,62.32,0.847,0.135
patch_0001548.png,84.91,0.881,0.075
patch_0001366.png,60.1,0.883,0.093
patch_0000526.png,98.58,0.801,0.133
patch_0000954.png,93.35,0.869,0.08
patch_0000281.png,87.13,0.817,0.156
patch_0002273.png,29.59,0.895,0.086
patch_0000147.png,36.79,0.889,0.068
patch_0001707.png,87.91,0.867,0.111
patch_0002612.png,72.33,0.894,0.051
patch_0003052.png,47.64,0.867,0.095
patch_0003083.png,27.44,0.9,0.076
patch_0002164.png,49.57,0.882,0.089
patch_0001071.png,38.24,0.892,0.075
patch_0000196.png,61.6,0.565,0.382
patch_0000631.png,60.0,0.888,0.072
patch_0002977.png,54.16,0.874,0.105
patch_0002505.png,50.5,0.852,0.13
patch_0000985.png,71.07,0.85,0.125
patch_0000250.png,40.39,0.883,0.076
patch_0001410.png,80.04,0.882,0.069
patch_0001862.png,22.17,0.901,0.084
patch_0002040.png,79.12,0.888,0.063
patch_0001155.png,55.79,0.894,0.054
patch_0000715.png,20.56,0.901,0.051
patch_0002421.png,69.75,0.859,0.1
patch_0002853.png,47.95,0.898,0.054
patch_0002386.png,63.33,0.8,0.172
patch_0000374.png,43.67,0.891,0.078
patch_0001946.png,60.1,0.895,0.055
patch_0001534.png,80.86,0.855,0.119
patch_0001293.png,92.46,0.838,0.111
patch_0000402.png,68.01,0.828,0.157
patch_0002882.png,42.53,0.89,0.078
patch_0000063.png,21.01,0.9,0.069
patch_0001184.png,76.38,0.861,0.089
patch_0002091.png,37.97,0.89,0.074
patch_0003176.png,25.51,0.899,0.078
patch_0000928.png,74.8,0.825,0.157
patch_0002118.png,71.81,0.881,0.079
patch_0002579.png,84.22,0.878,0.08
patch_0002047.png,78.37,0.894,0.053
patch_0000712.png,24.03,0.897,0.081
patch_0001152.png,95.06,0.834,0.117
patch_0002854.png,42.94,0.866,0.127
patch_0002426.png,71.35,0.793,0.188
patch_0001294.png,62.26,0.9,0.056
patch_0001533.png,87.22,0.891,0.057
patch_0001941.png,54.81,0.827,0.143
patch_0000373.png,72.51,0.875,0.09
patch_0000405.png,100.0,0.496,0.27
patch_0000877.png,64.31,0.878,0.082
patch_0001245.png,57.94,0.882,0.071
patch_0002350.png,57.37,0.83,0.15
patch_0002885.png,42.64,0.897,0.062
patch_0001183.png,47.64,0.891,0.058
patch_0000064.png,32.3,0.892,0.065
patch_0003171.png,28.93,0.871,0.142
patch_0002731.png,63.36,0.893,0.061
patch_0003029.png,35.83,0.892,0.064
patch_0002669.png,71.64,0.891,0.067
patch_0002828.png,30.26,0.896,0.064
patch_0000479.png,73.74,0.8,0.182
patch_0001239.png,64.88,0.875,0.063
patch_0001658.png,69.26,0.819,0.144
patch_0000018.png,50.64,0.861,0.109
patch_0000286.png,21.01,0.881,0.171
patch_0000953.png,10.02,0.9,0.097
patch_0000521.png,98.54,0.754,0.178
patch_0001700.png,66.07,0.814,0.152
patch_0000140.png,68.31,0.864,0.112
patch_0003055.png,38.7,0.877,0.088
patch_0002615.png,20.37,0.902,0.094
patch_0002163.png,34.37,0.898,0.062
patch_0003084.png,22.93,0.901,0.077
patch_0000636.png,94.96,0.447,0.32
patch_0000191.png,62.76,0.797,0.171
patch_0001076.png,70.01,0.862,0.107
patch_0002502.png,67.97,0.89,0.072
patch_0002970.png,47.78,0.871,0.102
patch_0001865.png,32.16,0.894,0.064
patch_0000257.png,91.59,0.682,0.243
patch_0000982.png,39.53,0.888,0.093
patch_0001611.png,66.51,0.822,0.134
patch_0000051.png,35.12,0.892,0.074
patch_0003144.png,68.12,0.798,0.175
patch_0000397.png,41.83,0.884,0.077
patch_0000430.png,99.55,0.687,0.241
patch_0002365.png,89.33,0.89,0.057
patch_0002861.png,28.56,0.886,0.086
patch_0002413.png,68.35,0.895,0.059
patch_0001506.png,87.11,0.881,0.072
patch_0001974.png,60.14,0.882,0.102
patch_0000346.png,27.84,0.9,0.058
patch_0000893.png,71.14,0.866,0.103
patch_0000727.png,96.68,0.869,0.074
patch_0000080.png,24.46,0.901,0.056
patch_0001167.png,74.38,0.873,0.102
patch_0002939.png,37.1,0.888,0.069
patch_0001798.png,63.17,0.897,0.064
patch_0001749.png,73.85,0.827,0.129
patch_0000109.png,42.3,0.896,0.063
patch_0000568.png,86.45,0.863,0.099
patch_0001328.png,67.43,0.888,0.074
patch_0003138.png,34.82,0.893,0.078
patch_0002319.png,83.51,0.887,0.055
patch_0001908.png,42.7,0.876,0.09
patch_0002290.png,86.56,0.887,0.058
patch_0002537.png,54.57,0.89,0.066
patch_0002945.png,96.0,0.841,0.114
patch_0001850.png,95.8,0.884,0.055
patch_0001422.png,78.27,0.885,0.06
patch_0000262.png,90.01,0.644,0.267
patch_0002156.png,64.4,0.893,0.064
patch_0001043.png,86.48,0.839,0.112
patch_0001092.png,75.27,0.879,0.088
patch_0000175.png,31.49,0.899,0.057
patch_0002620.png,51.09,0.865,0.113
patch_0002187.png,89.22,0.887,0.058
patch_0000966.png,70.13,0.881,0.091
patch_0000514.png,62.36,0.885,0.081
patch_0001354.png,57.65,0.846,0.125
patch_0001881.png,95.97,0.892,0.051
patch_0002241.png,71.08,0.893,0.061
patch_0000839.png,27.94,0.893,0.078
patch_0002468.png,76.12,0.876,0.087
patch_0002942.png,36.94,0.899,0.06
patch_0002297.png,88.22,0.887,0.063
patch_0000265.png,59.56,0.761,0.231
patch_0001425.png,66.89,0.891,0.05
patch_0001382.png,70.75,0.894,0.05
patch_0002151.png,53.78,0.898,0.067
patch_0001044.png,63.68,0.829,0.146
patch_0000604.png,33.64,0.897,0.065
patch_0000172.png,68.24,0.822,0.149
patch_0001095.png,84.5,0.874,0.087
patch_0001732.png,90.63,0.889,0.054
patch_0002180.png,90.4,0.888,0.057
patch_0003067.png,27.61,0.897,0.077
patch_0001886.png,86.51,0.889,0.063
patch_0001353.png,51.45,0.871,0.097
patch_0000513.png,52.4,0.896,0.058
patch_0000961.png,81.67,0.837,0.126
patch_0002246.png,84.46,0.887,0.057
patch_0000056.png,41.64,0.867,0.106
patch_0001616.png,74.13,0.867,0.093
patch_0003143.png,73.52,0.81,0.16
patch_0000845.png,38.95,0.894,0.066
patch_0000437.png,36.58,0.886,0.082
patch_0000390.png,86.44,0.766,0.204
patch_0002362.png,81.48,0.88,0.085
patch_0002414.png,91.61,0.886,0.056
patch_0002866.png,89.4,0.882,0.067
patch_0000894.png,71.39,0.874,0.091
patch_0000341.png,25.6,0.895,0.115
patch_0001973.png,45.77,0.884,0.091
patch_0001501.png,79.02,0.888,0.058
patch_0002075.png,73.06,0.883,0.078
patch_0001160.png,79.69,0.89,0.052
patch_0000087.png,25.05,0.898,0.058
patch_0000720.png,91.26,0.865,0.092
patch_0000219.png,78.01,0.783,0.2
patch_0001459.png,90.74,0.881,0.064
patch_0001038.png,27.13,0.897,0.061
patch_0000678.png,54.8,0.775,0.245
patch_0001488.png,69.37,0.887,0.065
patch_0001664.png,71.87,0.899,0.054
patch_0000024.png,54.5,0.833,0.138
patch_0003131.png,24.44,0.897,0.08
patch_0002771.png,43.58,0.894,0.069
patch_0000445.png,100.0,0.573,0.248
patch_0001205.png,72.57,0.879,0.092
patch_0002310.png,53.36,0.833,0.137
patch_0002466.png,55.26,0.849,0.13
patch_0002814.png,38.95,0.877,0.096
patch_0001901.png,28.78,0.897,0.064
patch_0001573.png,93.69,0.86,0.095
patch_0000333.png,39.67,0.835,0.19
patch_0000494.png,58.0,0.891,0.07
patch_0002007.png,88.26,0.89,0.056
patch_0000752.png,33.05,0.887,0.086
patch_0001112.png,46.01,0.872,0.114
patch_0003069.png,36.68,0.884,0.085
patch_0002629.png,58.83,0.893,0.052
patch_0002248.png,80.82,0.879,0.086
patch_0001888.png,93.0,0.886,0.06
patch_0001618.png,77.47,0.887,0.069
patch_0000058.png,64.11,0.873,0.088
patch_0000439.png,89.75,0.825,0.144
patch_0002868.png,24.1,0.901,0.061
patch_0000089.png,40.21,0.868,0.109
patch_0002930.png,57.99,0.871,0.11
patch_0002542.png,48.56,0.876,0.098
patch_0001457.png,78.64,0.881,0.074
patch_0001825.png,39.12,0.884,0.081
patch_0000217.png,99.96,0.724,0.206
patch_0002684.png,57.04,0.892,0.062
patch_0002123.png,74.75,0.891,0.055
patch_0000676.png,83.82,0.89,0.054
patch_0001036.png,51.86,0.897,0.065
patch_0001740.png,84.5,0.885,0.066
patch_0000100.png,34.26,0.898,0.082
patch_0003015.png,50.57,0.873,0.087
patch_0002655.png,77.72,0.834,0.124
patch_0000561.png,26.51,0.855,0.158
patch_0000913.png,37.48,0.898,0.051
patch_0001321.png,56.48,0.821,0.149
patch_0001486.png,42.27,0.895,0.058
patch_0002234.png,52.37,0.882,0.082
patch_0000399.png,62.97,0.823,0.139
patch_0000348.png,30.0,0.901,0.055
patch_0001508.png,51.6,0.897,0.05
patch_0001169.png,77.35,0.884,0.069
patch_0000729.png,70.03,0.861,0.126
patch_0002545.png,53.51,0.863,0.114
patch_0002937.png,87.7,0.828,0.141
patch_0000210.png,34.27,0.9,0.082
patch_0001822.png,34.56,0.886,0.102
patch_0001450.png,74.38,0.886,0.08
patch_0002124.png,59.93,0.9,0.052
patch_0001031.png,52.38,0.901,0.062
patch_0000671.png,75.54,0.829,0.127
patch_0000107.png,42.32,0.879,0.078
patch_0001747.png,59.55,0.817,0.157
patch_0002652.png,74.81,0.859,0.105
patch_0003012.png,69.7,0.81,0.134
patch_0001481.png,43.49,0.881,0.091
patch_0001326.png,65.98,0.894,0.052
patch_0000914.png,45.47,0.896,0.075
patch_0000566.png,64.68,0.888,0.072
patch_0002233.png,47.86,0.877,0.094
patch_0000023.png,43.43,0.845,0.137
patch_0002776.png,60.75,0.895,0.055
patch_0003136.png,32.38,0.893,0.085
patch_0001202.png,53.05,0.891,0.058
patch_0000442.png,100.0,0.613,0.236
patch_0000830.png,65.9,0.884,0.081
patch_0002813.png,30.74,0.897,0.062
patch_0002461.png,76.64,0.859,0.105
patch_0000493.png,57.73,0.888,0.07
patch_0000334.png,88.79,0.792,0.182
patch_0001574.png,74.88,0.892,0.063
patch_0001906.png,59.61,0.831,0.127
patch_0002000.png,93.93,0.888,0.055
patch_0001115.png,66.65,0.855,0.123
patch_0000755.png,52.55,0.895,0.054
patch_0002539.png,76.02,0.89,0.06
patch_0002158.png,21.75,0.851,0.207
patch_0002189.png,77.7,0.887,0.072
patch_0000116.png,55.72,0.841,0.13
patch_0002222.png,94.66,0.878,0.076
patch_0002585.png,69.36,0.863,0.103
patch_0001490.png,74.75,0.892,0.057
patch_0000577.png,100.0,0.269,0.235
patch_0000905.png,80.74,0.893,0.052
patch_0000201.png,30.01,0.884,0.143
patch_0001833.png,68.38,0.893,0.06
patch_0002926.png,94.67,0.848,0.11
patch_0002554.png,89.29,0.879,0.075
patch_0001787.png,43.37,0.868,0.118
patch_0001020.png,74.74,0.875,0.083
patch_0000660.png,42.45,0.703,0.353
patch_0002692.png,95.99,0.86,0.101
patch_0002135.png,87.36,0.892,0.052
patch_0000359.png,26.1,0.901,0.059
patch_0001519.png,70.43,0.89,0.064
patch_0001178.png,46.73,0.901,0.055
patch_0000738.png,40.82,0.894,0.063
patch_0000388.png,37.69,0.874,0.147
patch_0002198.png,38.25,0.892,0.072
patch_0000979.png,36.06,0.891,0.073
patch_0002149.png,83.27,0.892,0.051
patch_0000482.png,100.0,0.581,0.26
patch_0001917.png,88.11,0.893,0.053
patch_0001565.png,56.81,0.882,0.065
patch_0002470.png,86.36,0.864,0.095
patch_0001104.png,59.47,0.888,0.067
patch_0000744.png,64.33,0.85,0.124
patch_0002011.png,90.04,0.886,0.058
patch_0002767.png,53.19,0.853,0.119
patch_0003127.png,73.0,0.796,0.178
patch_0000795.png,92.88,0.85,0.105
patch_0000032.png,31.18,0.888,0.077
patch_0001672.png,84.38,0.891,0.053
patch_0002306.png,40.2,0.896,0.059
patch_0000821.png,70.77,0.879,0.084
patch_0000453.png,56.14,0.89,0.067
patch_0003078.png,33.04,0.896,0.08
patch_0002638.png,73.87,0.89,0.059
patch_0002259.png,59.1,0.895,0.065
patch_0002288.png,65.19,0.897,0.066
patch_0001848.png,96.97,0.887,0.055
patch_0000485.png,97.08,0.664,0.267
patch_0000322.png,94.66,0.676,0.237
patch_0002805.png,29.88,0.897,0.058
patch_0002477.png,67.23,0.896,0.056
patch_0000743.png,83.31,0.851,0.107
patch_0001103.png,68.25,0.889,0.055
patch_0002016.png,54.74,0.901,0.055
patch_0003120.png,30.09,0.901,0.067
patch_0002760.png,20.05,0.902,0.053
patch_0000035.png,36.26,0.883,0.087
patch_0000792.png,22.72,0.887,0.094
patch_0000454.png,48.25,0.869,0.103
patch_0000826.png,77.18,0.881,0.08
patch_0001214.png,36.32,0.899,0.058
patch_0002644.png,46.46,0.899,0.07
patch_0002582.png,64.78,0.897,0.053
patch_0002225.png,84.18,0.887,0.063
patch_0000902.png,26.69,0.897,0.05
patch_0000570.png,95.02,0.604,0.274
patch_0001330.png,97.23,0.882,0.063
patch_0000206.png,29.36,0.898,0.064
patch_0002553.png,81.96,0.891,0.056
patch_0002921.png,37.56,0.885,0.078
patch_0000667.png,53.37,0.656,0.361
patch_0001027.png,65.41,0.884,0.063
patch_0002695.png,60.83,0.893,0.065
patch_0002879.png,44.08,0.889,0.071
patch_0000098.png,75.15,0.85,0.108
patch_0001609.png,79.94,0.877,0.072
patch_0000049.png,41.8,0.876,0.091
patch_0000428.png,100.0,0.706,0.203
patch_0001268.png,92.15,0.881,0.065
patch_0002636.png,75.1,0.891,0.057
patch_0003076.png,23.89,0.902,0.055
patch_0000163.png,28.6,0.897,0.065
patch_0001723.png,83.56,0.882,0.072
patch_0001084.png,78.09,0.863,0.11
patch_0002257.png,89.4,0.886,0.057
patch_0002982.png,31.33,0.901,0.054
patch_0001342.png,57.98,0.893,0.063
patch_0001897.png,92.51,0.882,0.064
patch_0000502.png,100.0,0.671,0.206
patch_0000274.png,100.0,0.247,0.247
patch_0001393.png,50.75,0.86,0.114
patch_0001846.png,81.46,0.884,0.061
patch_0001434.png,39.15,0.89,0.073
patch_0002286.png,78.43,0.859,0.102
patch_0002521.png,89.61,0.888,0.059
patch_0002953.png,86.08,0.808,0.164
patch_0000615.png,100.0,0.356,0.241
patch_0002140.png,83.74,0.891,0.059
patch_0002479.png,71.99,0.896,0.054
patch_0002018.png,39.64,0.891,0.06
patch_0000828.png,59.97,0.895,0.066
patch_0001499.png,51.33,0.9,0.067
patch_0000208.png,36.47,0.887,0.083
patch_0001448.png,83.01,0.882,0.074
patch_0001029.png,49.31,0.889,0.07
patch_0000350.png,52.92,0.856,0.121
patch_0000885.png,33.7,0.897,0.06
patch_0001962.png,90.72,0.888,0.058
patch_0002877.png,52.09,0.883,0.075
patch_0002405.png,57.49,0.895,0.075
patch_0000096.png,28.36,0.897,0.057
patch_0002712.png,78.2,0.892,0.053
patch_0003152.png,28.03,0.901,0.066
patch_0000047.png,34.94,0.9,0.058
patch_0002373.png,81.35,0.892,0.06
patch_0001266.png,89.77,0.877,0.075
patch_0000381.png,68.66,0.737,0.29
patch_0000426.png,100.0,0.595,0.257
patch_0000118.png,67.01,0.895,0.055
patch_0000579.png,100.0,0.429,0.206
patch_0001339.png,70.36,0.868,0.102
patch_0002928.png,66.24,0.853,0.125
patch_0001789.png,70.71,0.834,0.134
patch_0001965.png,95.96,0.862,0.097
patch_0000882.png,40.41,0.886,0.083
patch_0000357.png,47.81,0.856,0.129
patch_0002402.png,71.53,0.892,0.053
patch_0002870.png,70.56,0.87,0.106
patch_0000091.png,52.01,0.849,0.124
patch_0000736.png,29.11,0.894,0.074
patch_0001176.png,66.66,0.874,0.107
patch_0003155.png,45.67,0.873,0.087
patch_0001600.png,83.58,0.884,0.067
patch_0000040.png,48.54,0.878,0.1
patch_0002374.png,64.53,0.893,0.058
patch_0000853.png,40.47,0.889,0.085
patch_0000421.png,60.92,0.873,0.1
patch_0000386.png,66.37,0.862,0.133
patch_0003071.png,27.44,0.896,0.066
patch_0002196.png,39.9,0.893,0.07
patch_0001083.png,72.78,0.887,0.071
patch_0001724.png,89.5,0.874,0.079
patch_0000164.png,32.27,0.899,0.058
patch_0002985.png,54.9,0.852,0.098
patch_0002250.png,96.22,0.887,0.057
patch_0000505.png,97.81,0.749,0.185
patch_0001433.png,47.82,0.883,0.084
patch_0001841.png,95.56,0.88,0.055
patch_0001394.png,66.97,0.855,0.116
patch_0000273.png,84.26,0.441,0.343
patch_0002954.png,91.68,0.767,0.172
patch_0002526.png,77.01,0.887,0.072
patch_0002281.png,87.26,0.891,0.052
patch_0000612.png,76.47,0.885,0.068
patch_0001052.png,90.04,0.856,0.092
patch_0002147.png,93.58,0.888,0.054
patch_0001919.png,93.67,0.88,0.065
patch_0003129.png,16.87,0.901,0.098
patch_0002769.png,66.53,0.823,0.142
patch_0002308.png,74.28,0.87,0.087
patch_0001808.png,75.04,0.894,0.051
patch_0002219.png,76.22,0.884,0.072
patch_0003038.png,27.33,0.887,0.108
patch_0002678.png,85.34,0.831,0.115
patch_0002894.png,94.89,0.811,0.137
patch_0000866.png,39.33,0.893,0.067
patch_0000414.png,68.65,0.869,0.112
patch_0001981.png,69.13,0.791,0.154
patch_0001254.png,73.55,0.825,0.145
patch_0003160.png,23.8,0.9,0.087
patch_0002720.png,44.82,0.884,0.066
patch_0001192.png,89.6,0.875,0.077
patch_0001635.png,85.01,0.885,0.064
patch_0000075.png,60.14,0.795,0.222
patch_0000703.png,58.38,0.865,0.105
patch_0001143.png,56.0,0.891,0.072
patch_0001950.png,98.61,0.878,0.071
patch_0001522.png,40.74,0.884,0.089
patch_0001285.png,39.38,0.892,0.067
patch_0000362.png,62.9,0.797,0.179
patch_0002437.png,71.6,0.885,0.068
patch_0002845.png,29.68,0.893,0.067
patch_0002390.png,86.74,0.866,0.09
patch_0000180.png,31.93,0.888,0.081
patch_0000627.png,45.16,0.893,0.051
patch_0001067.png,49.82,0.899,0.065
patch_0002172.png,72.33,0.898,0.056
patch_0003095.png,44.98,0.902,0.08
patch_0001406.png,77.47,0.869,0.104
patch_0000246.png,100.0,0.535,0.244
patch_0002961.png,68.2,0.812,0.167
patch_0002513.png,89.04,0.876,0.073
patch_0002265.png,64.99,0.885,0.059
patch_0000530.png,63.41,0.892,0.068
patch_0000942.png,65.1,0.884,0.065
patch_0000297.png,91.32,0.448,0.354
patch_0003044.png,40.77,0.881,0.078
patch_0001711.png,61.19,0.901,0.052
patch_0000151.png,48.01,0.857,0.132
patch_0000468.png,100.0,0.616,0.249
patch_0000009.png,25.38,0.898,0.092
patch_0001698.png,69.48,0.872,0.082
patch_0001060.png,46.74,0.884,0.083
patch_0000620.png,100.0,0.212,0.228
patch_0000187.png,39.36,0.884,0.099
patch_0003092.png,54.44,0.897,0.062
patch_0002175.png,94.7,0.889,0.056
patch_0000241.png,100.0,0.463,0.256
patch_0000994.png,51.87,0.882,0.113
patch_0001873.png,81.17,0.891,0.058
patch_0001401.png,94.52,0.867,0.092
patch_0002966.png,98.17,0.78,0.151
patch_0000290.png,47.15,0.848,0.175
patch_0000945.png,46.71,0.877,0.125
patch_0000537.png,100.0,0.701,0.218
patch_0002603.png,53.78,0.896,0.052
patch_0003043.png,40.82,0.883,0.078
patch_0000156.png,50.45,0.868,0.119
patch_0001716.png,89.95,0.89,0.052
patch_0001588.png,73.02,0.894,0.06
patch_0001138.png,43.54,0.875,0.126
patch_0000778.png,39.2,0.893,0.069
patch_0000319.png,67.72,0.832,0.17
patch_0001559.png,75.56,0.888,0.065
patch_0002109.png,81.32,0.883,0.069
patch_0000939.png,78.22,0.873,0.099
patch_0002346.png,67.05,0.823,0.153
patch_0002893.png,83.15,0.84,0.117
patch_0001253.png,69.74,0.864,0.095
patch_0001986.png,86.89,0.891,0.058
patch_0000413.png,78.48,0.721,0.253
patch_0000861.png,64.76,0.89,0.065
patch_0002727.png,33.17,0.896,0.053
patch_0002080.png,97.81,0.888,0.052
patch_0003167.png,33.04,0.881,0.105
patch_0000072.png,65.18,0.869,0.112
patch_0001632.png,84.67,0.873,0.082
patch_0001144.png,50.59,0.897,0.054
patch_0000704.png,70.83,0.83,0.148
patch_0000365.png,79.48,0.87,0.085
patch_0001282.png,49.78,0.893,0.063
patch_0001525.png,36.33,0.898,0.069
patch_0002842.png,34.14,0.895,0.064
patch_0002430.png,88.93,0.873,0.076
patch_0000189.png,64.23,0.837,0.138
patch_0002968.png,36.18,0.89,0.064
patch_0000539.png,92.92,0.776,0.178
patch_0001379.png,65.31,0.885,0.066
patch_0000158.png,100.0,0.359,0.283
patch_0002493.png,67.05,0.891,0.056
patch_0002334.png,93.1,0.889,0.054
patch_0000461.png,100.0,0.55,0.304
patch_0001586.png,88.98,0.886,0.06
patch_0001221.png,52.42,0.827,0.152
patch_0003115.png,28.81,0.889,0.1
patch_0001640.png,75.13,0.883,0.07
patch_0000000.png,34.44,0.884,0.067
patch_0000776.png,95.85,0.853,0.099
patch_0001136.png,63.86,0.894,0.051
patch_0001691.png,83.79,0.885,0.069
patch_0002023.png,68.66,0.822,0.15
patch_0002784.png,46.39,0.874,0.086
patch_0001557.png,62.68,0.879,0.105
patch_0000317.png,74.91,0.798,0.175
patch_0002830.png,29.62,0.895,0.062
patch_0002442.png,65.48,0.888,0.081
patch_0000652.png,74.26,0.859,0.107
patch_0001012.png,82.32,0.78,0.163
patch_0002107.png,91.45,0.89,0.052
patch_0001801.png,85.18,0.886,0.054
patch_0001473.png,67.04,0.864,0.145
patch_0000594.png,100.0,0.304,0.247
patch_0002566.png,68.77,0.891,0.063
patch_0002914.png,43.21,0.88,0.104
patch_0000937.png,88.41,0.86,0.092
patch_0003031.png,49.78,0.867,0.093
patch_0002671.png,55.49,0.893,0.053
patch_0001764.png,93.55,0.889,0.055
patch_0000124.png,23.65,0.902,0.065
patch_0000683.png,83.68,0.384,0.351
patch_0002348.png,65.78,0.776,0.185
patch_0003169.png,29.05,0.895,0.069
patch_0002399.png,82.91,0.891,0.06
patch_0001959.png,97.49,0.883,0.055
patch_0001015.png,60.14,0.805,0.181
patch_0000655.png,84.5,0.869,0.09
patch_0000234.png,34.18,0.844,0.215
patch_0000593.png,100.0,0.324,0.247
patch_0001474.png,21.9,0.901,0.071
patch_0002913.png,52.88,0.861,0.121
patch_0002217.png,87.63,0.888,0.056
patch_0001302.png,98.58,0.87,0.064
patch_0000542.png,89.68,0.832,0.114
patch_0000930.png,97.12,0.816,0.126
patch_0002676.png,69.34,0.866,0.09
patch_0003036.png,31.6,0.88,0.113
patch_0000684.png,77.35,0.437,0.366
patch_0000123.png,49.01,0.897,0.053
patch_0001763.png,93.15,0.882,0.074
patch_0002058.png,38.17,0.892,0.058
patch_0002439.png,72.1,0.893,0.055
patch_0001069.png,33.43,0.895,0.06
patch_0000629.png,70.02,0.886,0.068
patch_0000248.png,38.17,0.882,0.109
patch_0000299.png,92.02,0.641,0.264
patch_0002333.png,84.24,0.887,0.06
patch_0002494.png,80.52,0.879,0.075
patch_0001226.png,84.55,0.861,0.095
patch_0001581.png,82.23,0.89,0.051
patch_0000466.png,100.0,0.608,0.266
patch_0003112.png,89.09,0.855,0.112
patch_0000007.png,25.52,0.901,0.086
patch_0001647.png,78.4,0.891,0.05
patch_0001131.png,41.37,0.899,0.061
patch_0000771.png,60.92,0.878,0.091
patch_0002783.png,41.51,0.885,0.067
patch_0000310.png,40.1,0.896,0.051
patch_0001922.png,94.67,0.887,0.058
patch_0001550.png,82.69,0.881,0.073
patch_0002445.png,84.09,0.885,0.062
patch_0002837.png,15.26,0.896,0.13
